apk_name,battery-status,camera,contacts,device,dialogs,file,geolocation,globalization,inappbrowser,media,media-capture,network-information,splashscreen,statusbar,vibration,config.xml,plugins.xml
com.pr.ojectblue.dothis,0,1,1,1,1,1,1,0,0,1,1,0,0,0,0,0,1
com.indiageeks.apk,1,1,1,1,1,1,1,1,1,1,1,1,1,0,0,1,0
com.koimoi.android,0,0,0,1,1,0,1,0,0,0,0,1,0,0,0,1,0
com.activitylabs.bankbluffer,1,1,1,1,1,1,1,0,0,1,1,1,1,0,0,1,0
prayerguide.thegagne.com,0,0,0,0,0,0,0,0,0,0,0,0,0,0,0,0,0
com.cooperbussmann.faultcurrentcalculator,1,1,1,1,1,1,1,1,1,1,1,1,1,0,0,1,0
biz.raitco.fastdeals,1,1,1,1,1,1,1,1,1,1,1,1,1,0,0,1,0
com.drawroulette,1,1,1,1,1,1,1,0,0,1,1,1,1,0,0,0,1
com.axeuk.android.bump,0,1,1,1,1,1,1,0,0,1,1,0,0,0,0,0,1
com.peoplecall.nubefone,1,1,1,1,1,1,1,1,1,1,1,1,1,0,0,1,0
com.untappdllc.app,1,1,1,1,1,1,1,0,1,1,1,1,1,0,0,1,0
com.mkhuda.sangpenemu,1,1,1,1,1,1,1,0,0,1,1,1,1,0,0,0,1
com.tonnguyen.mega,0,0,0,1,0,0,0,0,0,0,0,1,1,0,0,1,0
com.onlinebrokerrev.android,0,1,1,1,1,1,1,0,0,1,1,0,0,0,0,0,1
org.berlin_vegan.bvapp,0,0,0,0,0,0,0,0,0,0,0,0,0,0,0,0,0
com.fsch.truthordare,1,1,1,1,1,1,1,1,1,1,1,1,1,0,0,1,0
org.meshtek.tictactoe,0,0,0,0,0,0,0,0,0,0,0,0,0,0,0,0,0
nl.addnoise.wykelshallum,1,1,1,1,1,1,1,1,1,1,1,1,1,0,0,1,0
com.xplidev.detailedtaskmanager,0,0,0,0,0,0,0,0,0,0,0,0,0,0,0,0,0
simple.periodictable,1,1,1,1,1,1,1,0,0,1,1,1,1,0,0,1,0
com.marcucio.getitdone,1,1,1,1,1,1,1,0,0,1,1,0,0,0,0,0,1
be.tweedehands.m,1,1,1,1,1,1,1,1,0,1,1,1,1,0,0,1,0
at.sosme.app,0,1,1,1,1,1,1,0,0,1,1,0,0,0,0,0,1
com.mogl,0,0,0,0,0,0,0,0,0,0,0,0,0,0,0,0,0
com.tossapp3,1,1,1,1,1,1,1,1,1,1,1,1,1,0,0,1,0
com.solidapps.geoquiz,1,1,1,1,1,1,1,0,0,1,1,1,1,0,0,0,1
uk.co.creo.cookingforstudents,0,1,1,1,1,1,1,0,0,1,1,0,0,0,0,0,1
com.kiwixi.com,1,1,1,1,1,1,1,1,0,1,1,1,1,0,0,1,0
com.skgames.lpoints,0,0,0,0,0,0,0,0,0,0,0,0,0,0,0,0,0
de.tursics.nameyourbabe,1,1,1,1,1,1,1,1,1,1,1,1,1,0,0,1,0
uc.co.liveglutenfree,1,1,1,1,1,1,1,0,0,1,1,1,1,0,0,0,1
com.jmstechsys.culturalcorridor,1,1,1,1,1,1,1,1,1,1,1,1,1,0,0,1,0
net.clasificadosnet.android,1,1,1,1,1,1,1,0,0,1,1,1,1,0,0,0,1
com.giuseppesoft.giupcartelera,1,1,1,1,1,1,1,0,0,1,1,1,1,0,0,0,1
com.ppbg.Pcb,1,1,1,1,1,1,1,1,1,1,1,1,1,0,0,1,0
com.realitybridges.zombietag.challenge,1,1,1,1,1,1,1,1,1,1,1,1,1,0,0,1,0
DeliciousXiamen,1,1,1,1,1,1,1,0,0,1,1,1,1,0,0,1,0
com.tarun.hanumanchalisa,1,1,1,1,1,1,1,0,0,1,1,1,0,0,0,0,1
com.fracturedvisionmedia.absinthe,1,1,1,1,1,1,1,1,1,1,1,1,1,0,0,1,0
com.flyacts.typo3campberlin,1,1,1,1,1,1,1,0,0,1,1,1,0,0,0,1,0
de.trinimon.calculator,0,1,1,1,1,1,1,0,0,1,1,0,0,0,0,0,1
com.twidaq.pglite,0,0,0,1,1,0,0,0,0,0,0,1,1,0,0,1,0
com.urucas.tmusica,1,1,1,1,1,1,1,1,1,1,1,1,1,0,0,1,0
com.powertools.clicker,0,0,0,0,0,0,0,0,0,0,0,0,0,0,0,0,0
ru.wyeg.instatag,1,1,1,1,1,1,1,1,1,1,1,1,1,0,0,1,0
com.priceitgame,1,1,1,1,1,1,1,1,0,1,1,1,1,0,0,1,0
nl.x_services.buildmeister,1,1,1,1,1,1,1,1,1,1,1,1,1,0,0,1,0
com.schuitemaker.k1ckstart3r,1,1,1,1,1,1,1,1,1,1,1,1,1,0,0,1,0
fm.superplayer.jukebot,1,0,1,1,1,1,1,0,0,1,1,1,1,0,0,1,0
com.elvito.radio.waves,1,1,1,1,1,1,1,0,0,1,1,1,1,0,0,1,0
com.viteb.UniversalCounters,0,0,0,0,0,0,0,0,0,0,0,0,0,0,0,0,0
com.jmstech.mychildswords,1,1,1,1,1,1,1,1,1,1,1,1,1,0,0,1,0
com.oppositecoast.www.mwm,1,1,1,1,1,1,1,1,1,1,1,1,1,0,0,1,0
my.boletus.demo,1,1,1,1,1,1,1,1,1,1,1,1,1,0,0,1,0
com.ohmztech.classaction,1,1,1,1,1,1,1,1,1,1,1,1,1,0,0,1,0
com.SlateStudio.HelloHarto,1,1,1,1,1,1,1,1,1,1,1,1,1,0,0,1,0
com.phoneprojects.angrychicks,0,0,0,1,1,0,0,0,0,1,0,0,1,0,0,1,0
com.dasque,1,1,1,1,1,1,1,1,1,1,1,1,1,0,0,1,0
com.testsstore.app,0,0,0,1,1,0,0,0,0,1,0,0,0,0,0,0,1
com.takeweather,1,1,1,1,1,1,1,1,0,1,1,1,1,0,0,1,0
dan.seekr,1,1,1,1,1,1,1,1,1,1,1,1,1,0,0,1,0
air.com.KickstandTech.MotorcycleWeather,1,1,1,1,1,1,1,1,1,1,1,1,1,0,0,1,0
com.openargs,0,1,1,1,1,1,1,0,0,1,1,0,0,0,0,0,1
com.phonegap.intown,0,1,1,1,1,1,1,0,0,1,1,0,0,0,0,0,1
com.mkhuda.ilmuaislam,1,0,0,1,1,1,0,0,0,1,1,1,1,0,0,0,1
com.onlinerepublic.AirportCarRental,1,1,1,1,1,1,1,1,1,1,1,1,1,0,0,1,0
org.techdoc,0,1,1,1,1,1,1,0,0,1,1,0,0,0,0,0,1
de.jameda.android.arztsuche,1,1,1,1,1,1,1,1,1,1,1,1,1,0,0,1,0
de.rsp24.schloebe,0,0,0,1,1,0,0,0,0,0,0,1,1,0,0,1,0
com.nutreek.bbroy,0,0,0,1,0,0,0,1,1,0,0,0,0,0,0,1,0
com.app_mnpgolf.layout,0,0,0,0,0,0,0,0,0,0,0,0,0,0,0,0,0
no.android.learnerspracticetest,0,1,1,1,1,1,1,0,0,1,1,0,0,0,0,0,1
artiic.euroTweets2012,1,1,1,1,1,1,1,0,0,1,1,0,0,0,0,0,1
com.chillax.mydroid,0,0,0,0,0,0,0,0,0,0,0,0,0,0,0,0,0
com.sofar.mesgouts,1,1,1,1,1,1,1,0,0,1,1,1,1,0,0,1,0
russh.toddler.carsabcnumbers,1,1,1,1,1,1,1,1,1,1,1,1,1,0,0,1,1
com.iChemLabs.ChemDoodleMobile,1,1,1,1,1,1,1,1,1,1,1,1,1,0,0,1,0
de.kashban.android.kakerlake,1,1,1,1,1,1,1,0,0,1,1,1,1,0,0,1,1
com.greenbuildingapp.gba,0,0,0,1,0,0,1,0,1,1,1,1,1,0,0,1,0
net.klier.blutdruck,1,1,1,1,1,1,1,1,1,1,1,1,1,0,0,1,0
hotspotshield.android.vpn,0,0,0,0,0,0,0,0,0,0,0,0,0,0,0,0,0
com.critalsoft.eazywallet,0,0,0,1,1,1,0,0,0,0,0,0,1,0,0,1,0
org.dinamisglobe.mobileapp,1,1,1,1,1,1,1,0,0,1,1,1,1,0,0,1,0
com.phonegap.mobmarket,0,1,1,1,1,1,1,0,0,1,1,0,0,0,0,0,1
com.phonegap.clearpoint,1,1,1,1,1,1,1,1,1,1,1,1,1,0,0,1,0
com.mobileteck.lovevoucher,1,1,1,1,1,1,1,1,1,1,1,1,1,0,0,1,0
com.infocus.vionnow,1,1,1,1,1,1,1,0,0,1,1,1,1,0,0,1,0
korean.fashion.molinomobile,1,1,1,1,1,1,1,0,0,1,1,1,1,0,0,0,1
com.groundroad.aucru,0,0,0,0,0,0,0,0,0,0,0,0,0,0,0,0,0
org.meshtek.top20sportscars,0,0,0,0,0,0,0,0,0,0,0,0,0,0,0,0,0
org.UniApp.UoR,0,1,1,1,1,1,1,0,0,1,1,0,0,0,0,0,1
com.amoedo.calculadora,1,1,1,1,1,1,1,1,1,1,1,1,1,0,0,1,0
com.Play2Learn.PhoneGap,1,1,1,1,1,1,1,0,0,1,1,1,0,0,0,0,1
com.ignite.adscal,0,1,1,1,1,1,1,0,0,1,1,0,0,0,0,0,1
com.dadadish.Matriwish,1,1,1,1,1,1,1,1,0,1,1,1,1,0,0,1,0
com.twist.android,1,1,0,1,1,1,0,0,0,0,0,1,1,0,0,1,0
com.tuliorocha,1,1,1,1,1,1,1,1,1,1,1,1,1,0,0,1,0
us.broadleaf.mobile.android.mt.play,1,1,1,1,1,1,1,1,1,1,1,1,1,0,0,1,0
kz.ps.app,1,1,1,1,1,1,1,1,1,1,1,1,1,0,0,1,0
com.iv.perfectchristianquotes,1,1,1,1,1,1,1,0,0,1,1,1,1,0,0,0,1
com.zope.zebrareach,0,0,0,0,0,0,0,0,0,0,0,0,0,0,0,0,0
com.pixeldolphingame.tapandfield,1,1,1,1,1,1,1,0,0,1,1,1,1,0,0,0,1
com.yoyo.lgc.android,1,1,1,1,1,1,1,1,1,1,1,1,1,0,0,1,0
br.com.rommel.point,0,1,1,1,1,1,1,0,0,1,1,0,0,0,0,0,1
ca.cultureplex.drglearning,1,1,1,1,1,1,1,0,0,1,1,1,1,0,0,1,0
sworkitapp.sworkit.com,1,1,1,1,1,1,1,1,0,1,1,1,1,0,0,0,1
au.edu.swsi.tafeswsi,1,1,1,1,1,1,1,1,0,1,1,1,1,0,0,1,0
org.meshtek.quotetime,0,0,0,0,0,0,0,0,0,0,0,0,0,0,0,0,0
br.com.tippz,1,1,1,1,1,1,1,1,1,1,1,1,1,0,0,1,0
com.sourcefuse.foodietogo,1,1,1,1,1,1,1,1,1,1,1,1,1,0,0,1,0
br.com.petrim.supercalculadora,0,0,0,1,1,0,0,1,1,0,0,1,1,0,0,1,0
com.audero.free.utility.currencyconverter,1,1,1,1,1,1,1,1,1,1,1,1,1,0,0,1,0
com.aitrich.roadrescue,1,1,1,1,1,1,1,1,0,1,1,1,1,0,0,1,1
com.telerik.RCI___HobbykingApp,1,1,1,1,1,1,1,0,0,1,1,1,1,0,0,1,0
com.wooinvi.xoso,1,1,1,1,1,1,1,1,1,1,1,1,1,0,0,1,0
com.mybusinesscatalog.demo,0,0,0,0,0,0,0,0,0,0,0,0,0,0,0,0,0
com.exposure101.stagehand,0,0,0,0,0,0,0,0,0,0,0,0,0,0,0,0,0
com.epanicdev.livephotoapp,0,0,0,0,0,0,0,0,0,0,0,0,0,0,0,0,0
com.cittaininternet.spelloturismo,1,1,1,1,1,1,1,1,1,1,1,1,1,0,0,1,0
com.netscribe.BuildACareer,0,1,1,1,1,1,1,0,0,1,1,0,0,0,0,0,1
com.cywheel.IDoubtIt_en,1,1,1,1,1,1,1,0,0,1,1,1,1,0,0,1,0
com.sinaapp.SAEtt4s,1,1,1,1,1,1,1,0,0,1,1,1,1,0,0,0,1
com.myapartmentmap.MyApartmentMap,1,1,1,1,1,1,1,0,0,1,1,1,1,0,0,0,1
com.programmerworld.HRInterviewQuestionsLite,1,1,1,1,1,1,1,0,0,1,1,1,0,0,0,0,1
nl.nn.kijkoppensioen,1,1,1,1,1,1,1,0,0,1,1,1,0,0,0,0,1
com.feudfraudINT,1,1,1,1,1,1,1,0,0,1,1,1,0,0,0,0,1
com.close2u,1,1,1,1,1,1,1,1,1,1,1,1,1,0,0,1,0
com.Verbier,1,1,1,1,1,1,1,1,1,1,1,1,1,0,0,1,0
com.webloxion.byolife_streets_app,0,0,0,0,0,0,0,0,0,0,0,0,0,0,0,0,0
ch.creisi.cppairsfree,1,1,1,1,1,1,1,1,1,1,1,1,1,0,0,1,0
com.runemartin.bartebuss,0,1,1,1,1,1,1,0,0,1,1,0,0,0,0,0,1
com.phonegap.bizzdesk,0,0,0,0,0,0,0,0,0,0,0,0,0,0,0,0,0
de.krug.eartastic,0,0,0,1,0,0,0,0,1,1,0,0,0,0,0,1,0
com.DTWTech.WebCodeApp,1,1,1,1,1,1,1,1,0,1,1,1,1,0,0,1,0
com.ouadbanyoussef.ipastcontact,1,1,1,1,1,1,1,0,0,1,1,1,1,0,0,0,1
it.mobimentum.aragnozzles,1,1,1,1,1,1,1,1,1,1,1,1,1,0,0,1,0
iclicker.riccardofilippone,0,1,1,1,1,1,1,0,0,1,1,0,0,0,0,0,1
by.stdnk.gpk,0,0,0,0,0,0,0,0,0,0,0,0,0,0,0,0,0
com.sweetsugar.gallerylock,0,0,0,0,0,0,0,0,0,0,0,0,0,0,0,0,0
sa.edu.ksu.Ayat,1,1,1,1,1,1,1,1,1,1,1,1,1,0,0,1,1
com.mathopen.androidmath,0,1,1,1,1,1,1,0,0,1,1,0,0,0,0,0,1
com.softrole.bstales,1,0,0,1,1,1,0,1,1,1,1,1,1,0,0,1,0
com.beelinkapp.Beelink,1,1,1,1,1,1,1,0,0,1,1,1,1,0,0,1,1
com.bippesbrandao.phonegap.rechenknecht,0,1,1,1,1,1,1,0,0,1,1,0,0,0,0,0,1
de.applikationswerk.hannoverguide,1,1,1,1,1,1,1,0,0,1,1,0,0,0,0,0,1
org.councilroad.mychurch,0,1,1,1,1,1,1,0,0,1,1,0,0,0,0,0,1
com.iopensoft.pronto,1,1,1,1,1,1,1,1,1,1,1,1,1,0,0,1,0
de.stanwood.onair.phonegap,0,0,0,1,1,0,0,1,1,0,0,1,0,0,0,1,0
com.hiddenobjectdogs,1,1,1,1,1,1,1,1,1,1,1,1,1,0,0,1,0
com.fieldateam.coach,1,1,1,1,1,1,1,0,0,1,1,1,1,0,0,1,1
com.mestre.solidale,0,1,1,1,1,1,1,0,0,1,1,0,0,0,0,0,1
com.keranmckenzie.oandx,1,1,1,1,1,1,1,1,1,1,1,1,1,0,0,1,0
com.townside.comparemymobile,0,0,0,0,0,0,0,0,0,0,0,0,0,0,0,0,0
lightingcalc.everlastlight.com,0,0,0,0,0,0,0,0,0,0,0,0,0,0,0,0,0
com.yousaid.what,1,1,1,1,1,1,1,1,1,1,1,1,1,0,0,1,0
com.laformula1.android,1,1,1,1,1,1,1,0,0,1,1,1,1,0,0,1,0
com.alawar.TwistedLandsInsomniac,0,0,0,0,0,0,0,0,0,0,0,0,0,0,0,0,0
com.tiggzi.project54500,1,1,1,1,1,1,1,1,1,1,1,1,1,0,0,1,0
com.cloudrobots.azfinance,1,1,1,1,1,1,1,0,0,1,1,1,1,0,0,1,0
info.i360.amamua,1,1,1,1,1,1,1,1,1,1,1,1,1,0,0,1,0
de.n1klas.whereisthesun,0,0,0,1,1,0,1,0,0,0,0,0,0,0,0,0,1
br.com.algorich.impostometro,0,1,0,1,0,1,1,0,0,0,0,1,1,0,0,1,0
com.parcye.hondcalc,1,1,1,1,1,1,1,0,0,1,1,0,0,0,0,0,1
com.audero.free.utility.whereiparkedmycar,1,1,1,1,1,1,1,0,0,1,1,1,1,0,0,1,0
com.semarketir.mosquedetector,1,1,1,1,1,1,1,1,1,1,1,1,1,0,0,1,0
SevenSky_Main_Android.SevenSky_Main_Android,0,0,0,0,0,0,0,0,0,0,0,0,0,0,0,0,0
com.fala.fastmail,1,1,1,1,1,1,1,1,0,1,1,1,1,0,0,1,0
org.teusink.droidpapers,0,0,0,1,1,1,0,0,1,1,0,1,0,0,0,1,0
com.pixshar.pixsharnews,0,0,0,0,0,0,0,0,0,0,0,0,0,0,0,0,0
com.ilscipio.browseo,1,1,1,1,1,1,1,0,0,1,1,1,1,0,0,1,0
com.valueapps.christmas.newsantatracker,0,0,0,0,0,0,0,0,0,0,0,0,0,0,0,0,0
org.opencorebanking.martfree,1,1,1,1,1,1,1,1,1,1,1,1,1,0,0,1,0
com.niagara.canada,0,0,0,0,0,0,0,0,0,0,0,0,0,0,0,0,0
com.keepers.friocerofinal,1,1,1,1,1,1,1,1,1,1,1,1,1,0,0,1,0
com.darts_scorer.dartsScorer,1,1,1,1,1,1,1,1,1,1,1,1,1,0,0,1,0
org.devgeeks.fourzzzfm,0,0,0,1,1,0,0,0,0,1,0,0,0,0,0,0,1
com.invish.toddler,0,0,0,0,0,0,0,0,0,0,0,0,0,0,0,0,0
cl.androidapps.metrovalpo,0,1,1,1,1,1,1,0,0,1,1,0,0,0,0,0,1
com.riflebid,0,0,0,0,0,0,0,0,0,0,0,0,0,0,0,0,0
it.bettinglife.mobile.lite,1,1,1,1,1,1,1,1,0,1,1,1,1,0,0,1,0
org.sfgov.web,0,0,0,0,0,0,0,0,0,0,0,0,0,0,0,0,0
com.app.telkomvision,1,1,1,1,1,1,1,1,1,1,1,1,1,0,0,1,0
com.randommunch,1,1,1,1,1,1,1,1,0,1,1,1,1,0,0,1,0
org.caou.bouncetothemoon,1,1,1,1,1,1,1,0,0,1,1,1,1,0,0,0,1
mobi.tapto.loadr,1,1,1,1,1,1,1,0,0,1,1,1,1,0,0,1,0
com.groundroad.salecalc,0,1,1,1,1,1,1,0,0,1,1,0,0,0,0,0,1
com.enmerchant.turnchef,1,1,1,1,1,1,1,1,1,1,1,1,1,0,0,1,0
com.icommerce.ece,0,0,0,0,0,0,0,0,0,0,0,0,0,0,0,0,0
com.bistri.prace,0,0,0,0,0,0,0,0,0,0,0,0,0,0,0,0,0
com.urnotl.thepositivefactors,0,1,1,1,1,1,1,0,0,1,1,0,0,0,0,0,1
com.degenet.reiortiz,1,1,1,1,1,1,1,0,0,1,1,1,1,0,0,0,1
it.nowhere.afcoltellerie,1,1,1,1,1,1,1,1,1,1,1,1,1,0,0,1,0
com.gamzaz.app,0,1,1,1,1,1,1,0,0,1,1,0,0,0,0,0,1
com.eurovisionspain.eurovision_spain,1,1,1,1,1,1,1,1,1,1,1,1,1,0,0,1,0
ch.mitinnovation.apps.luegeten,1,1,1,1,1,1,1,0,0,1,1,0,0,0,0,0,1
com.labaix.roomheatpowcalc,0,0,0,0,0,0,0,0,0,0,0,1,0,0,0,1,0
com.spluhdap.hangmantogo,1,1,1,1,1,1,1,0,0,1,1,1,1,0,0,0,1
com.mobilecrud.clickorclash,1,1,1,1,1,1,1,1,1,1,1,1,1,0,0,1,0
com.spotamo.app,0,0,0,1,1,0,1,0,0,0,0,1,1,0,0,0,1
com.szappatini.timber,1,1,1,1,1,1,1,0,0,1,1,1,1,0,0,1,0
com.english.rhymes,0,0,0,0,0,0,0,0,0,0,0,0,0,0,0,0,0
com.prolateral.outmailusage,1,1,1,1,1,1,1,0,0,1,1,1,1,0,0,0,1
ac.defib.mobile,0,1,1,1,1,1,1,0,0,1,1,0,0,0,0,0,1
nl.markdegroot.harenharen,1,1,1,1,1,1,1,1,1,1,1,1,1,0,0,1,0
sg.com.safraradio.jia883fm,1,1,1,1,1,1,1,0,0,1,1,1,1,0,0,1,0
com.thebes.callconfirmfree,0,0,0,0,0,0,0,0,0,0,0,0,0,0,0,0,0
ch.schwingenonline.android (1),0,0,0,1,1,0,0,0,0,0,0,1,1,0,0,1,0
com.senddr.mobile,0,0,0,1,1,0,0,1,1,0,0,1,1,0,0,1,0
com.etpio.footwork,1,1,1,1,1,1,1,0,0,1,1,1,1,0,0,1,0
com.sweetnspicy.recipes,0,0,0,0,0,0,0,0,0,0,0,0,0,0,0,0,0
com.soffia.thealphabet,0,1,1,1,1,1,1,0,0,1,1,0,0,0,0,0,1
com.andygreen.AndyGreen,1,1,1,1,1,1,1,1,1,1,1,1,1,0,0,1,0
com.rouxbee.dottodotzoo.free,1,1,1,1,1,1,1,0,0,1,1,0,0,0,0,0,1
net.mpowers.brigade.android,0,0,0,0,0,0,0,0,0,0,0,0,0,0,0,0,0
com.isuagm.suagm,1,1,1,1,1,1,1,1,0,1,1,1,1,0,0,1,0
com.phenu.speeker,1,1,1,1,1,1,1,1,1,1,1,1,1,0,0,1,0
com.camden.phonegapmega,0,1,1,1,1,1,1,0,0,1,1,0,0,0,0,0,1
com.phonegap.bearthdays,0,1,1,1,1,1,1,0,0,1,1,0,0,0,0,0,1
com.HangmanCreator,0,1,1,1,1,1,1,0,0,1,1,0,0,0,0,0,1
com.opentangerine.ejero.mobile,1,1,1,1,1,1,1,1,0,1,1,1,1,0,0,1,0
ntg.fuelstation.finder,1,1,1,1,1,1,1,0,0,1,1,1,1,0,0,0,1
net.ikeretxebarria.euskeraz,0,0,0,0,0,0,0,0,0,0,0,0,0,0,0,0,0
de.disupport.GDApp,0,1,0,1,1,1,0,0,0,0,1,0,0,0,0,0,1
com.kuernel.games.coupling,0,0,0,0,0,0,0,0,0,0,0,0,0,0,0,0,0
com.buzzvote.mobileapp,0,1,1,1,0,1,0,0,0,0,1,1,1,0,0,1,0
org.guess.that,1,1,1,1,1,1,1,1,1,1,1,1,1,0,0,1,0
com.stungeye.winnipegnews,1,1,1,1,1,1,1,0,0,1,1,0,0,0,0,0,1
com.ironServices.audioBooks,1,1,1,1,1,1,1,0,1,1,1,1,1,0,0,1,1
com.mindtricksdev.mathiq,1,1,1,1,1,1,1,1,1,1,1,1,1,0,0,1,0
com.icode.pataterie,1,1,1,1,1,1,1,1,1,1,1,1,1,0,0,1,0
com.wizardtykes.phonegap,1,1,1,1,1,1,1,0,0,1,1,1,0,0,0,0,1
com.aragon.kairos,0,1,1,1,1,1,1,0,0,1,1,0,0,0,0,0,1
com.auctions411.cloudpos,1,1,1,1,1,1,1,0,0,1,1,1,1,0,0,1,0
com.mds.applaud,0,1,1,1,1,1,1,0,0,1,1,0,0,0,0,0,1
com.thebes.smspopupfree,0,0,0,0,0,0,0,0,0,0,0,0,0,0,0,0,0
cloud4apps.cBlocker,1,1,1,1,1,1,1,0,0,1,1,1,1,0,0,1,0
com.VergeSystems.WebHR,0,0,0,0,0,0,0,0,0,0,0,0,0,0,0,1,0
org.voxteneo,1,1,1,1,1,1,1,0,0,1,1,1,1,0,0,0,1
com.healthtap.userhtexpress,1,1,1,1,1,1,1,0,0,1,1,1,1,0,0,1,0
cz.burger.android.phonegap.mobileprsi,0,0,0,0,0,0,0,0,0,0,0,0,0,0,0,0,0
com.SpaceStationFinder,1,1,1,1,1,1,1,0,0,1,1,1,1,0,0,1,0
org.seciconsulting.mrfoggpuglia,1,1,1,1,1,1,1,1,1,1,1,1,1,0,0,1,0
com.jazzlebags.assgassfree,1,1,1,1,1,1,1,1,1,1,1,1,1,0,0,1,0
com.summit.conduitfilltracker,0,0,0,1,0,0,0,0,0,0,0,1,1,0,0,1,0
com.sixstephens.knotster,1,1,1,1,1,1,1,0,0,1,1,1,0,0,0,0,1
com.phonegap.mabc,1,1,1,1,1,1,1,0,0,1,1,0,0,0,0,0,1
com.guessmypic,1,1,1,1,1,1,1,0,0,1,1,1,1,0,0,0,1
com.yip.roll7days,1,1,1,1,1,1,1,1,1,1,1,1,1,0,0,1,0
com.sjdm.pip.android,1,1,1,1,1,1,1,1,1,1,1,1,1,0,0,1,0
se.svenskchefsforening.nysomchef,1,1,1,1,1,1,1,0,0,1,1,0,0,0,0,0,1
com.addval.wimbimed,0,0,0,0,0,0,0,0,0,0,0,0,0,0,0,0,0
us.skyb.skysigns,0,1,1,1,1,1,1,0,0,1,1,0,0,0,0,0,1
com.apps.budget,1,1,1,1,1,1,1,1,1,1,1,1,1,0,0,1,0
mx.com.tekne.mobile.gotocinema,1,1,1,1,1,1,1,0,0,1,1,0,0,0,0,0,1
com.mulvaney.go2012,1,1,1,1,1,1,1,0,0,1,1,1,1,0,0,0,1
com.appsbuilder241206,0,0,0,0,0,0,0,0,0,0,0,0,0,0,0,0,0
com.reachtree.profile,1,1,1,1,1,1,1,1,1,1,1,1,1,0,0,1,0
com.creativegrid.feltfactoryfree,0,1,1,1,1,1,1,0,0,1,1,0,0,0,0,0,1
SevenSky_Main_Android.SevenSky_Main_Android (1),0,0,0,0,0,0,0,0,0,0,0,0,0,0,0,0,0
com.phonegap.unfpa,1,1,1,1,1,1,1,1,1,1,1,1,1,0,0,1,0
com.racingsolution.mobileautoscene,1,1,1,1,1,1,1,1,1,1,1,1,1,0,0,1,0
com.phonegap.myvidster,1,1,1,1,1,1,1,0,1,1,1,1,1,0,0,1,0
com.webprofusion.openchargemap,1,1,1,1,1,1,1,1,1,1,1,1,1,0,0,1,0
com.aryaco.mobile,1,1,1,1,1,1,1,1,0,1,1,1,1,0,0,1,0
com.pride.lgbt,1,1,1,1,1,1,1,0,0,1,1,0,0,0,0,0,1
com.phonegap.bostaden,0,1,1,1,1,1,1,0,0,1,1,0,0,0,0,0,1
trackgps.mobilskys.com,1,1,1,1,1,1,1,1,1,1,1,1,1,0,0,1,0
com.springmobile.employee,1,1,1,1,1,1,1,1,1,1,1,1,1,0,0,1,0
com.skytoplabs.kapeesh,1,1,1,1,1,1,1,1,0,1,1,1,1,0,0,1,0
com.appnjoy.sightonme,0,1,1,1,1,1,1,0,0,1,1,0,0,0,0,0,1
com.protestai,0,1,0,1,1,1,1,0,1,0,1,1,1,0,0,1,1
com.ironServices.fullDictionary,1,1,1,1,1,1,1,0,1,1,1,1,1,0,0,1,1
com.shweproperty.mobile,1,1,1,1,1,1,1,1,1,1,1,1,1,0,0,1,0
com.richapps.games,1,1,1,1,1,1,1,1,1,1,1,1,1,0,0,1,0
uk.co.sireassemblies.newspeyefree,1,1,1,1,1,1,1,1,1,1,1,1,1,0,0,1,0
com.jsplash.apps.sightreadingimprover,0,0,0,0,0,0,0,0,0,0,0,0,0,0,0,0,0
appnjoy.tippyeng,0,1,1,1,1,1,1,0,0,1,1,0,0,0,0,0,1
uk.ac.edina.mobile,1,1,1,1,1,1,1,0,1,1,1,1,0,0,0,0,1
com.obacht.game,1,1,1,1,1,1,1,1,1,1,1,1,1,0,0,1,0
appinventor.ai_p_tuttoilmondo.Fools,1,1,1,1,1,1,1,1,1,1,1,1,1,0,0,1,0
pl.desmart.gcb_event,1,1,1,1,1,1,1,0,0,1,1,1,1,0,0,1,0
com.battlefit.app,1,1,1,1,1,1,1,1,1,1,1,1,1,0,0,1,1
com.shaheeilyas.NakaiyNevi,1,1,1,1,1,1,1,1,0,1,1,1,1,0,0,1,0
com.livetrails,1,1,1,1,1,1,1,1,1,1,1,1,1,0,0,1,0
com.curbednetwork.eater,0,0,0,1,0,1,1,1,1,0,0,1,1,0,0,1,0
lab.chsmedien.mensaapp,0,0,0,1,1,0,1,0,0,0,0,1,1,0,0,1,0
com.phonegap.wordart,1,1,1,1,1,1,1,0,0,1,1,1,1,0,0,1,0
com.carel.climate,1,1,1,1,1,1,1,0,0,1,1,1,1,0,0,0,1
com.kliktrayllc.doctray,0,1,1,1,1,1,1,0,0,1,1,0,0,0,0,0,1
com.lasyk.tpdb,1,1,1,1,1,1,1,1,1,1,1,1,1,0,0,1,0
br.com.xaveco,1,1,1,1,1,1,1,0,0,1,1,1,0,0,0,0,1
com.sezonegames.ge2,0,0,0,0,0,0,0,0,0,0,0,0,0,0,0,0,0
mobile.coyote,1,1,1,1,1,1,1,1,1,1,1,1,1,0,0,1,0
com.inidfab.srm.priceassist,0,1,1,1,1,1,1,0,0,1,1,0,0,0,0,0,1
mx.com.tekne.mobile,0,1,1,1,1,1,1,0,0,1,1,0,0,0,0,0,1
de.nak.news,1,1,1,1,1,1,1,1,1,1,1,1,1,0,0,1,0
org.meshtek.countrieshangman,0,0,0,0,0,0,0,0,0,0,0,0,0,0,0,0,0
com.basketusa.appandroid,0,0,0,1,1,0,0,0,1,0,0,1,1,0,0,1,0
by.budget001,0,0,0,0,0,0,0,0,0,0,0,0,0,0,0,0,0
com.refulgenceinc.bluediamond,1,1,1,1,1,1,1,1,1,1,1,1,1,0,0,1,0
com.orange.labs.coverscan,0,1,0,1,1,1,1,1,0,1,1,1,1,0,0,1,0
nl.app33.vakmedianet.ohnw,1,1,1,1,1,1,1,0,0,1,1,1,1,0,0,1,0
com.powertools.AlcLevelFree,1,1,1,1,1,1,1,1,1,1,1,1,1,0,0,1,0
com.thebes.converterfree,0,0,0,0,0,0,0,0,0,0,0,0,0,0,0,0,0
com.superurchin.manup,1,1,1,1,1,1,1,1,0,1,1,1,1,0,0,1,0
com.root.Dineline,1,1,1,1,1,1,1,1,0,1,1,1,1,0,0,1,0
de.werzahltmehr,0,1,1,1,1,1,1,0,0,1,1,0,0,0,0,0,1
org.meshtek.wonders7,0,0,0,0,0,0,0,0,0,0,0,0,0,0,0,0,0
com.m0rg0t.victorium.book,0,1,1,1,1,1,1,0,0,1,1,0,0,0,0,0,1
beep.dhenriquez.cl,1,1,1,1,1,1,1,0,0,1,1,1,1,0,0,0,1
com.faber04.ilostmycar,1,1,1,1,1,1,1,1,1,1,1,1,1,0,0,1,0
com.botsol.miteam,1,1,1,1,1,1,1,0,0,1,1,1,1,0,0,1,0
com.trashnothing.app,0,1,0,1,0,1,1,0,1,0,0,1,1,0,0,1,0
org.dossou.app.meteoMoto,1,1,1,1,1,1,1,1,1,1,1,1,1,0,0,1,0
com.fanfa.altimetro,0,0,0,0,0,0,0,0,0,0,0,0,0,0,0,0,0
com.catode.cities.languagehtml5,0,1,1,1,1,1,1,0,0,1,1,0,0,0,0,0,1
com.saj.memory_check,1,1,1,1,1,1,1,0,0,1,1,0,0,0,0,0,1
saypu.com,1,1,0,1,1,1,0,0,0,1,1,1,1,0,0,1,0
ch.webacons.backstage,0,0,0,0,0,0,0,0,0,0,0,0,0,0,0,0,0
com.collabera.TollFreeNumbers,0,1,1,1,1,1,1,0,0,1,1,0,0,0,0,0,1
com.appinmotion.artofwar,0,0,0,0,0,0,0,0,0,0,0,0,0,0,0,0,0
blacknWhite.CallBlockerTimerWidget,0,0,1,1,0,0,0,0,0,1,0,0,0,0,0,1,0
com.labid.varesenews,1,1,1,1,1,1,1,1,0,1,1,1,1,0,0,1,0
com.appfilia.android.tresnchapa,1,1,1,1,1,1,1,1,0,1,1,1,1,0,0,1,0
com.dietrichs.areacalculator,1,1,1,1,1,1,1,0,0,1,1,0,0,0,0,0,1
digitalissimo.it,1,1,1,1,1,1,1,0,0,1,1,1,1,0,0,0,1
com.phonegap.fruit_salad,1,1,1,1,1,1,1,0,0,1,1,1,1,0,0,1,0
com.stungeye.meowreader,1,1,1,1,1,1,1,0,0,1,1,0,0,0,0,0,1
com.faber04.romasposa,1,1,1,1,1,1,1,1,0,1,1,1,1,0,0,1,0
KGRSystems.iLearnPad.ryanki1,1,1,1,1,1,1,1,0,0,1,1,1,1,0,0,0,1
com.designtailors.Translator,0,0,0,1,0,0,0,0,0,0,0,0,1,0,0,1,0
com.thebes.networkbooster,0,0,0,0,0,0,0,0,0,0,0,0,0,0,0,0,0
com.inviqa.Rower,1,1,1,1,1,1,1,1,1,1,1,1,1,0,0,1,0
com.thebes.burstcamerafree,0,0,0,0,0,0,0,0,0,0,0,0,0,0,0,0,0
com.tip2u.mobile,1,1,1,1,1,1,1,0,0,1,1,1,1,0,0,0,1
app.rawi.android,0,0,0,1,1,1,0,0,0,1,0,1,0,0,0,1,0
com.webcamscz.map,0,0,0,1,1,1,1,1,1,0,0,1,0,0,0,1,0
com.albernamij.numberIllusion,0,1,1,1,1,1,1,0,0,1,1,0,0,0,0,0,1
spinach.labor.salary.greencard,1,1,1,1,1,1,1,0,0,1,1,1,1,0,0,1,0
com.digipea.mobile,1,1,1,1,1,1,1,1,1,1,1,1,1,0,0,1,0
com.AmDeeLLC.Desi,0,0,0,0,0,0,0,0,0,0,0,0,0,0,0,0,0
com.bunkerpalace.jazzmachine,1,1,1,1,1,1,1,1,1,1,1,1,1,0,0,1,0
com.blinzy.games.luckyfred,0,1,1,1,1,1,1,1,0,1,1,0,0,0,0,0,1
be.trendsco.mijntuinwebapp,1,1,1,1,1,1,1,0,0,1,1,1,1,0,0,1,0
com.wemotic.underthechristmastreesoundcards,0,1,1,1,1,1,1,0,0,1,1,0,0,0,0,0,1
com.viteb.FieldJobReporting,0,0,0,0,0,0,0,0,0,0,0,0,0,0,0,0,0
com.nazarene.bobbleheads,0,1,1,1,1,1,1,0,0,1,1,0,0,0,0,0,1
com.baliprojects.keutamaantarawih,1,1,1,1,1,1,1,0,0,1,1,1,1,0,0,1,0
com.eurofinsoptimed.recrut,1,1,1,1,1,1,1,1,1,1,1,1,1,0,0,1,0
com.titechzen.titechzen,1,1,1,1,1,1,1,1,1,1,1,1,1,0,0,1,0
edu.aces.smartyards,1,1,1,1,1,1,1,1,1,1,1,1,1,0,0,1,0
ch.schwingenonline.android,0,0,0,1,1,0,0,0,0,0,0,1,1,0,0,1,0
com.phonegap.foroneday,1,1,1,1,1,1,1,1,0,1,1,1,1,0,0,1,0
com.cooperbussmann.fusefinder,1,1,1,1,1,1,1,1,1,1,1,1,1,0,0,1,0
net.klier.bmi2free,0,1,1,1,1,1,1,0,0,1,1,0,0,0,0,0,1
com.logitech.squeezeboxremote,0,0,0,0,0,0,0,0,0,0,0,0,0,0,0,0,0
com.napoleonicmonkey.island,0,0,0,0,0,0,0,0,0,0,0,0,0,0,0,0,0
com.gwtmobile.phonegap,0,1,1,1,1,1,1,0,0,1,1,0,0,0,0,0,1
com.kyosuke25.edgejumper,1,1,1,1,1,1,1,1,1,1,1,1,1,0,0,1,0
com.ohmztech.hungrypet1,1,1,1,1,1,1,1,1,1,1,1,1,1,0,0,1,0
com.dirtylittlecyborg.words.free,0,0,0,1,1,0,0,0,0,1,0,0,1,0,0,0,1
com.megatomi.vivienneballaphotography,1,1,1,1,1,1,1,0,0,1,1,1,1,0,0,0,1
picshares.PicShares.com,1,1,1,1,1,1,1,1,1,1,1,1,1,0,0,1,0
com.doersguild.generalknowledge,1,1,1,1,1,1,1,1,0,1,1,1,1,0,0,1,0
com.sweetsugar.fastinternetboosterfree,0,0,0,0,0,0,0,0,0,0,0,0,0,0,0,0,0
de.flyacts.mobilecampdresden,1,1,1,1,1,1,1,0,1,1,1,1,0,0,0,1,0
com.kmaru.kmaruApp,1,0,1,1,1,1,1,1,1,1,1,1,1,0,0,1,0
com.modalitaprovvisoria.nikitaradiostreamer2,1,1,1,1,1,1,1,1,1,1,1,1,1,0,0,1,0
com.uforlife.pixwithme,1,1,1,1,1,1,1,1,1,1,1,1,1,0,0,1,0
com.needforwords,1,1,1,1,1,1,1,1,1,1,1,1,1,0,0,1,0
com.phonegap.jpksongs,0,1,1,1,1,1,1,0,0,1,1,0,0,0,0,0,1
be.trendsco.mygardenapp,1,1,1,1,1,1,1,0,0,1,1,1,1,0,0,1,0
com.root.Connex,1,1,1,1,1,1,1,1,0,1,1,1,1,0,0,1,0
org.meshtek.hangman,0,0,0,0,0,0,0,0,0,0,0,0,0,0,0,0,0
org.usik.www,0,1,1,1,1,1,1,0,0,1,1,0,0,0,0,0,1
com.tftp.app,1,1,1,1,1,1,1,1,1,1,1,1,1,0,0,1,0
com.modalitaprovvisoria.nikitaradiostreamer,0,0,0,0,0,0,0,0,0,0,0,0,0,0,0,0,0
com.atmosphiral.qlinqs,1,1,1,1,1,1,1,0,0,1,1,1,1,0,0,1,0
nl.filmnu.nl,1,1,1,1,1,1,1,1,1,1,1,1,1,0,0,1,0
com.geocheckpointing.m,1,1,1,1,1,1,1,0,0,1,1,1,1,0,0,0,1
com.knownomy.geographysavvy,1,1,1,1,1,1,1,1,0,1,1,1,1,0,0,1,0
com.digigraff,0,0,0,0,0,0,0,0,0,0,0,0,0,0,0,0,0
com.codejinni.kids_painting,1,1,1,1,1,1,1,0,0,1,1,1,1,0,0,0,1
com.dsmn.musicfree,1,1,1,1,1,1,1,1,1,1,1,1,1,0,0,1,0
com.mobile.MobiGuru,0,0,0,0,0,0,0,0,0,0,0,0,0,0,0,0,0
com.blogspot.gayburg.gbapp,1,1,1,1,1,1,1,1,1,1,1,1,1,0,0,1,0
org.grexen.findmecoffee,1,1,1,1,1,1,1,1,1,1,1,1,1,0,0,1,0
net.klier.dduck,0,1,1,1,1,1,1,0,0,1,1,0,0,0,0,0,1
com.inova.svethitrosti,1,1,1,1,1,1,1,1,1,1,1,1,1,0,0,1,0
com.viteb.ksmg,0,0,0,0,0,0,0,0,0,0,0,0,0,0,0,0,0
com.findercodes,1,1,1,1,1,1,1,1,1,1,1,1,1,0,0,1,0
it.studiogammasnc.timeTracker,1,1,1,1,1,1,1,1,1,1,1,1,1,0,0,1,0
com.waio.mcodes.mobilesecretcodes,1,1,1,1,1,1,1,0,0,1,1,1,1,0,0,1,0
org.apache.cordova.Voxdox,1,1,1,1,1,1,1,1,1,1,1,1,1,0,0,1,0
org.meshtek.randlocation,0,0,0,0,0,0,0,0,0,0,0,0,0,0,0,0,0
com.rover.rovertown,1,1,1,1,1,1,1,0,0,1,1,1,1,0,0,0,1
com.Kwk,1,1,1,1,1,1,1,1,1,1,1,1,1,0,0,1,0
com.greencloud.beepmo,1,1,1,1,1,1,1,0,0,1,1,1,1,0,0,1,0
com.ninebysix.flixalert,1,1,1,1,1,1,1,0,0,1,1,0,0,0,0,0,1
com.barnabaslegeny.OneClickDiary,1,1,1,1,1,1,1,1,1,1,1,1,1,0,0,1,0
com.summit.nema_configuration,1,1,1,1,1,1,1,0,0,1,1,1,1,0,0,0,1
com.fwmd.flame,0,0,0,1,0,0,0,0,0,1,0,1,0,0,0,1,0
com.conduit.app_0622b56ec5cf49e08b38b3d8faedc4b3.app,1,1,1,1,1,1,1,0,0,1,1,1,1,0,0,1,0
com.cmc_rescue.rescue_field_guide,0,0,0,0,0,0,0,0,0,0,0,0,0,0,0,0,0
com.findmeon.maps,0,0,0,0,0,0,0,0,0,0,0,0,0,0,0,1,0
com.rumpus.wtpfree,1,1,1,1,1,1,1,0,0,1,1,1,1,0,0,0,1
com.torymcbroom.missingchild,1,1,1,1,1,1,1,0,0,1,1,1,0,0,0,0,1
com.icisneros.conversoreuro,0,1,1,1,1,1,1,0,0,1,1,0,0,0,0,0,1
dev.t1.p1,0,0,0,0,0,0,0,0,0,0,0,0,0,0,0,0,0
coop.nomad.reviewgrabber,0,0,0,0,0,0,0,0,0,0,0,0,0,0,0,0,0
com.zabkab.passenger,1,1,1,1,1,1,1,0,0,1,1,1,1,0,0,0,1
com.umiqs.ghanabuzz,1,1,1,1,1,1,1,1,1,1,1,1,1,0,1,1,0
com.conduit.app_adb56bdfcd0e4d18a61ee44246a4e966.app,1,1,1,1,1,1,1,0,0,1,1,0,0,0,0,0,1
cc.almahdi.bahraincinema,0,0,0,0,0,0,0,0,0,0,0,0,0,0,0,0,0
govPay.il,1,1,1,1,1,1,1,0,0,1,1,0,0,0,0,0,1
com.fala.socialdata1,1,1,1,1,1,1,1,1,0,1,1,1,1,0,0,1,0
mbc.web.blogbar.es,0,0,0,0,0,0,0,0,0,0,0,0,0,0,0,0,0
com.mtk.pro.android,0,0,0,0,0,0,0,0,0,0,0,0,0,0,0,0,0
com.enginetwork.app.suncycle,1,1,1,1,1,1,1,1,0,1,1,1,1,0,0,1,0
com.dopredu.mobizebra,1,1,1,1,1,1,1,1,1,1,1,1,1,0,0,1,0
com.enterra.android.apps.poker.client,0,1,1,1,1,1,1,0,0,1,1,0,0,0,0,0,1
com.phonegap.rabik_road_builder,1,1,1,1,1,1,1,1,1,1,1,1,1,0,0,1,0
com.phonegap.mlearn,0,0,0,0,0,0,0,0,0,0,0,0,0,0,0,0,0
com.contussupport.appthashopping,0,0,0,0,0,0,0,0,0,0,0,0,0,0,0,0,0
com.thebes.lockforemailfree,0,0,0,0,0,0,0,0,0,0,0,0,0,0,0,0,0
com.pingan.JRManager,1,1,1,1,1,1,1,0,0,1,1,1,1,0,0,1,0
com.haji3,1,1,1,1,1,1,1,0,0,1,1,1,1,0,0,0,1
com.guawoo.guarket,1,1,1,1,1,1,1,1,1,1,1,1,1,0,0,1,0
org.apache.cordova.csvDVVA,1,1,1,1,1,1,1,0,0,1,1,0,0,0,0,0,1
com.webaccess.investment.planet,1,1,1,1,1,1,1,0,0,1,1,1,1,0,0,1,0
com.fivetalent.closingcostcalc,0,1,1,1,1,1,1,0,0,1,1,0,0,0,0,0,1
com.phonegap.chateaudeloire,1,1,1,1,1,1,1,0,0,1,1,1,0,0,0,0,1
com.fire1.infohelp,0,1,1,1,1,1,1,0,0,1,1,0,0,0,0,0,1
ru.gazeta.stavgorod,1,1,1,1,1,1,1,1,0,1,1,1,1,0,0,1,1
com.guidafuorisalone.app,1,1,1,1,1,1,1,1,0,1,1,1,1,0,0,1,0
com.powertools.carshocksensorandroid,1,1,1,1,1,1,1,1,0,1,1,1,1,0,0,1,1
com.mygazines.goingdigital,0,1,1,1,1,1,1,0,0,1,1,0,0,0,0,0,1
com.noe.mifa,1,1,1,1,1,1,1,1,1,1,1,1,1,0,0,1,0
com.quarklabs.mobilgazete,0,0,0,0,0,0,0,0,0,0,0,0,0,0,0,0,0
mha.poc,0,0,0,0,0,0,0,0,0,0,0,0,0,0,0,0,0
com.thebes.lockforsmsfree,0,0,0,0,0,0,0,0,0,0,0,0,0,0,0,0,0
com.iv.tvd,1,1,1,1,1,1,1,0,0,1,1,1,1,0,0,0,1
com.schulthess,1,1,1,1,1,1,1,0,0,1,1,1,1,0,0,1,0
com.popular.quotes,1,1,1,1,1,1,1,1,0,1,1,1,1,0,0,1,0
net.andg.abustamp,1,0,1,1,1,1,1,1,1,1,1,1,1,0,0,1,0
com.menz.weisheiten,1,1,1,1,1,1,1,1,1,1,1,1,1,0,0,1,0
com.momzclub.mommyhelpdesk,0,1,1,1,1,1,1,0,0,1,1,0,0,0,0,0,1
com.carel.exvselection,1,1,1,1,1,1,1,0,0,1,1,1,1,0,0,0,1
com.plate.report,1,1,1,1,1,1,1,0,0,1,1,1,1,0,0,0,1
com.audero.free.quiz.sscnapoli,1,1,1,1,1,1,1,0,0,1,1,1,1,0,0,1,0
it.rbsoft.dica,1,1,1,1,1,1,1,1,1,1,1,1,1,0,0,1,0
com.NewCreations.TShirtPhoto,0,1,1,1,1,1,0,1,1,0,1,1,1,0,0,1,0
com.wheremydogsat.WhereMyDogsAt,1,1,1,1,1,1,1,1,0,1,1,1,1,0,0,1,0
com.troopla.beta,0,1,1,1,1,1,1,0,0,1,1,0,0,0,0,0,1
com.miraclemill.yatzyonline,0,0,0,0,0,0,1,1,0,0,0,0,1,0,0,1,0
com.thebes.autowifiofffree,0,0,0,0,0,0,0,0,0,0,0,0,0,0,0,0,0
nl.brightin.nikonspots,1,1,1,1,1,1,1,1,1,1,1,1,1,0,0,1,0
au.com.otilas.CallaughanPartnersITR,1,1,1,1,1,1,1,0,0,1,1,1,1,0,0,0,1
za.co.activist.elabel,0,0,0,0,0,0,0,0,0,0,0,0,0,0,0,0,0
com.teadroid.phonegap.android.decipher,1,1,1,1,1,1,1,0,0,1,1,1,1,0,0,0,1
com.tiichme.toddler,0,0,0,1,1,1,0,0,0,1,1,0,0,0,0,0,1
com.hexagon3d.mychinese,1,1,1,1,1,1,1,1,1,1,1,1,1,0,0,1,0
com.dsharpdiabetes.androidapp,0,0,0,1,1,0,0,0,0,0,0,0,0,0,0,0,1
com.phonegap.protestepostos,0,1,1,1,1,1,1,0,0,1,1,0,0,0,0,0,1
com.trinks.m,1,1,1,1,1,1,1,1,1,1,1,1,1,0,0,1,0
at.gofg.sportscomputer,0,0,0,1,1,1,1,0,1,0,0,0,0,0,0,1,0
com.casanovarentacar.casanovarentacar,1,1,1,1,1,1,1,1,1,1,1,1,1,0,0,1,0
com.caesarslabs.androidvenezuelareader,1,1,1,1,1,1,1,0,0,1,1,1,1,0,0,0,1
com.root.LaSerenas,1,1,1,1,1,1,1,1,1,1,1,1,1,0,0,1,0
com.cartwill,1,1,1,1,1,1,1,0,0,1,1,1,1,0,0,1,0
nl.apekool.app,0,0,0,0,0,0,0,0,0,0,0,0,0,0,0,0,0
nl.wildsea.swingingroningen,1,1,1,1,1,1,1,1,1,1,1,1,1,0,0,1,0
com.machiapps.bvifree,1,1,1,1,1,1,1,0,0,1,1,1,1,0,0,1,0
com.adnarim.wavemap,1,1,1,1,1,1,1,0,0,1,1,1,1,0,0,1,0
com.mfma.iKal,0,0,0,0,0,0,0,0,0,0,0,0,0,0,0,0,0
com.funvoltage.Chitragupta,1,1,1,1,1,1,1,1,1,1,1,1,1,0,0,1,0
app.lukkin.com,1,1,1,1,1,1,1,1,1,1,1,1,1,0,0,1,0
com.root.altone,1,1,1,1,1,1,1,1,0,1,1,1,1,0,0,1,0
com.easybill.mobile,1,1,1,1,1,1,1,1,1,1,1,1,1,0,0,1,0
com.twofordeals,1,1,1,1,1,1,1,1,1,1,1,1,1,0,0,1,0
com.lordareon.mackapp,1,1,1,1,1,1,1,1,1,1,1,1,1,0,0,1,0
com.surgevelocityonline.gotanning,1,1,1,1,1,1,1,1,1,1,1,1,1,0,0,1,0
com.kickscout,1,1,1,1,1,1,1,1,1,1,1,1,1,0,0,1,0
com.fold1.eulumdat.SLA,1,1,1,1,1,1,1,0,0,1,1,1,1,0,0,1,1
com.phonegap.sfmobile,0,0,0,0,0,0,0,0,0,0,0,0,0,0,0,0,0
com.berzerk.winterfestival,1,1,1,1,1,1,1,1,0,1,1,1,1,0,0,1,0
ch.creisi.cp_slidingpuzzle,1,1,1,1,1,1,1,1,1,1,1,1,1,0,0,1,0
com.ptsinnovations.syd,1,1,1,1,1,1,1,1,1,1,1,1,1,0,0,1,0
com.cobaltsign.readysetholiday,1,1,1,1,1,1,1,0,0,1,1,1,1,0,0,0,1
com.glancescounter.riccardofilippone,0,1,1,1,1,1,1,0,0,1,1,0,0,0,0,0,1
com.outfit7.talkingtom2free,0,0,0,0,0,0,0,0,0,0,0,0,0,0,0,0,0
com.leo.basketballscoreboard,1,1,1,1,1,1,1,0,0,1,1,1,1,0,0,1,0
com.lwl.portal,1,1,1,1,1,1,1,0,0,1,1,1,1,0,0,1,0
com.seanja.greenbinweekfree,0,0,0,0,0,0,0,0,0,0,0,0,0,0,0,0,0
com.cuttleworks.stages,1,1,1,1,1,1,1,1,0,1,1,1,1,0,0,1,0
info.polso.WhenShouldIWakeUp,1,1,1,1,1,1,1,0,0,1,1,1,0,0,0,0,1
com.splendidcrm.android9,1,1,1,1,1,1,1,1,0,1,1,1,1,0,0,1,0
info.zonglovani.mobile.app,1,1,1,1,1,1,1,1,1,1,1,1,1,0,0,1,0
com.visitanyplace.carretera,0,1,1,1,1,1,1,0,0,1,1,0,0,0,0,0,1
br.com.alcoolougasolina,1,1,1,1,1,1,1,1,0,1,1,1,1,0,0,1,0
ch.mitinnovation.apps.tierpark,1,1,1,1,1,1,1,0,0,1,1,1,1,0,0,1,0
ingenium.mygymmit,1,1,1,1,1,1,1,1,1,1,1,1,1,0,0,1,0
rg.TerpTimer,0,0,0,0,0,0,0,0,0,0,0,0,0,0,0,0,0
com.chrisallenlane.presentationtimerpro,1,1,1,1,1,1,1,0,0,1,1,1,1,0,0,1,0
com.sweetsugar.computertricksfree,0,0,0,0,0,0,0,0,0,0,0,0,0,0,0,0,0
com.patquoi.MotissimoDuo,1,1,1,1,1,1,1,0,0,1,1,0,0,0,0,0,1
com.swap.messenger,0,0,0,0,0,0,0,0,0,0,0,0,0,0,0,0,0
uk.co.dialacab.app,1,1,1,1,1,1,1,1,1,1,1,1,1,0,0,1,1
com.cloudmanic.skyclerk,0,0,0,0,0,0,0,0,0,0,0,0,0,0,0,0,0
com.thebes.lovecalculatorfree,0,0,0,0,0,0,0,0,0,0,0,0,0,0,0,0,0
com.phonegap.TTS,1,1,1,1,1,1,1,1,1,1,1,1,1,0,0,1,0
com.iopensoft.swappbee,1,1,1,1,1,1,1,1,1,1,1,1,1,0,0,1,0
com.unitedcheerleading.python,1,1,1,1,1,1,1,1,1,1,1,1,1,0,0,1,0
com.frontera.puntaarenas2,1,1,1,1,1,1,1,1,1,1,1,1,1,0,0,1,0
ch.himsa.SwissportailMobile,0,0,0,0,0,0,0,0,0,0,0,0,0,0,0,0,0
com.jagap.pwa,1,1,1,1,1,1,1,0,0,1,1,1,1,0,0,0,1
com.phonegap.discount,0,1,1,1,1,1,1,0,0,1,1,0,0,0,0,0,1
com.WATS.mentalhealth,1,1,1,1,1,1,1,0,0,1,1,1,0,0,0,0,1
com.giubileocreations.smashgridfree,0,0,0,1,0,0,0,1,1,1,0,1,0,0,0,1,0
com.Kuesty,1,1,1,1,1,1,1,0,0,1,1,1,1,0,0,1,1
it.visiant.farmacia.turno,1,1,1,1,1,1,1,0,0,1,1,1,1,0,0,1,1
com.judge.mobility.mv7_android,1,1,1,1,1,1,1,0,0,1,1,1,1,0,0,1,0
com.pac.appmovil,1,1,1,1,1,1,1,1,1,1,1,1,1,0,0,1,0
com.sweetsugar.mobilenumbertraker,0,0,0,0,0,0,0,0,0,0,0,0,0,0,0,0,0
com.fivetalent.closingcostcalc.titleone,0,1,1,1,1,1,1,0,0,1,1,0,0,0,0,0,1
sharksfrenzy.mobile,0,1,1,1,1,1,1,0,0,1,1,0,0,0,0,0,1
com.NewBelgium.NBB,1,1,1,1,1,1,1,1,1,1,1,1,1,0,0,1,0
com.rvappstudios.tinyballvsevildevil2,0,0,0,0,0,0,0,0,0,0,0,0,0,0,0,0,0
com.salman.sql,1,1,1,1,1,1,1,1,1,1,1,1,1,0,0,1,0
org.deepdev.smartpoker,1,1,1,1,1,1,1,0,0,1,1,1,1,0,0,1,0
com.it_information_technologies.itimecontroller,1,1,1,1,1,1,1,1,1,1,1,1,1,0,0,1,0
com.java.offline.ads,1,1,1,1,1,1,1,0,0,1,1,1,1,0,0,1,0
com.funforfones.android.dcmetro,1,1,1,1,1,1,1,0,0,1,1,1,1,0,0,1,0
com.phonegap.threelochsway,1,1,1,1,1,1,1,0,0,1,1,1,1,0,0,0,1
com.icode.labandeson,0,1,1,1,1,1,1,0,0,1,1,0,0,0,0,0,1
com.fala.tornado01,1,1,1,1,1,1,1,1,0,1,1,1,1,0,0,1,0
com.droid8puzzle,0,0,0,0,0,0,0,0,0,0,0,0,0,0,0,0,0
com.phonegap.music.waste,0,0,0,0,0,0,0,0,0,0,0,0,0,0,0,0,0
com.fliptopbox.syncslate,0,0,0,0,0,0,0,0,0,0,0,0,0,0,0,0,0
com.thewordsearch.free,0,1,1,1,1,1,1,0,0,1,1,0,0,0,0,0,1
qbitdev.games.colorsOut,0,0,0,0,0,0,0,0,0,0,0,0,0,0,0,0,0
com.yachtsandyachting.offliner,1,1,1,1,1,1,1,0,0,1,1,1,1,0,0,1,0
be.gents.visitbruges,1,1,1,1,1,1,1,1,0,1,1,1,1,0,0,1,0
com.roamdata.player.android.threex.switchpay,0,0,0,0,0,0,0,0,0,0,0,0,0,0,0,0,0
com.beepkeeper,1,1,1,1,1,1,1,1,0,0,1,1,1,0,0,1,0
com.aw.AteneoWeb,0,0,0,0,0,0,0,0,0,0,0,0,0,0,0,0,0
com.signifo.WebExpenses,0,0,0,0,0,0,0,0,0,0,0,0,0,0,0,0,0
com.corevision.at,1,1,1,1,1,1,1,0,0,1,1,1,1,0,0,1,0
com.harpLabs.SharApp,0,1,0,1,1,1,1,0,1,0,1,1,1,0,0,1,0
com.rochala.flagquiz,0,0,0,1,1,1,0,1,0,1,0,1,1,0,0,1,0
com.king.activity,0,0,0,1,1,0,0,0,0,0,0,0,0,0,0,1,0
com.changemob.mobile,0,1,1,1,1,1,1,0,0,1,1,0,0,0,0,0,1
com.opuz.mobile,0,1,1,1,1,1,1,0,0,1,1,0,0,0,0,0,1
com.soffia.stafrofid,0,1,1,1,1,1,1,0,0,1,1,0,0,0,0,0,1
com.iv.thebeatles,1,1,1,1,1,1,1,0,0,1,1,1,1,0,0,0,1
com.openroad.openroadheart,1,1,1,1,1,1,1,1,1,1,1,1,1,0,0,1,0
com.cuinetes.events,1,1,1,1,1,1,1,1,1,1,1,1,1,0,0,1,0
com.anders.clrpickr,0,1,1,1,1,1,1,0,0,1,1,0,0,0,0,0,1
com.poll,0,0,0,0,0,0,0,0,0,0,0,0,0,0,0,0,0
com.phonegap.mijnserie,1,1,1,1,1,1,1,0,0,1,1,1,1,0,0,1,1
com.musclebrainfree.phonegap,1,1,1,1,1,1,1,1,1,1,1,1,1,0,0,1,0
com.flyacts.robidogapp,1,1,1,1,1,1,1,0,1,1,1,1,0,0,0,1,0
com.lsl.crocosoftwares,1,1,1,1,1,1,1,1,1,1,1,1,1,0,0,1,0
com.agrisoft.geokuliner,0,1,0,1,0,1,1,0,0,0,1,1,1,0,0,0,1
com.cmontillar.picstatistics,0,0,0,0,0,0,0,0,0,0,0,0,0,0,0,0,0
com.cor.news.feedhammer,1,1,1,1,1,1,1,1,1,1,1,1,1,0,0,1,0
no.wfx.godtur,1,1,0,1,0,1,1,0,1,0,1,1,1,0,0,1,0
org.apache.cordova.worte,1,1,1,1,1,1,1,0,0,1,1,1,1,0,0,1,0
com.phonegap.whojew,1,1,1,1,1,1,1,0,0,1,1,1,1,0,0,0,1
pl.slaszu.myfuel,1,1,1,1,1,1,1,1,1,1,1,1,1,0,0,1,1
com.nighthawkapps.hwc,1,1,1,1,1,1,1,0,0,1,1,1,1,0,0,1,0
com.thebes.lockforgalleryfree,0,0,0,0,0,0,0,0,0,0,0,0,0,0,0,0,0
com.nitobi.nfb,0,0,0,0,0,0,0,0,0,0,0,0,0,0,0,0,0
com.goodworldgames.charades,1,1,1,1,1,1,1,1,0,1,1,1,1,0,0,1,0
com.zotmedia.plober,1,1,1,1,1,1,1,1,1,1,1,1,1,0,0,1,0
com.rodrigocruz.rentastar,1,1,1,1,1,1,1,0,0,1,1,1,1,0,0,1,1
org.teamworks,1,1,1,1,1,1,1,0,0,1,1,1,1,0,0,0,1
com.spanning.auditlog,0,0,0,1,1,1,0,0,1,0,0,1,1,0,0,1,0
com.cobragolf.fitnfly,1,1,1,1,1,1,1,1,1,1,1,1,1,0,0,1,0
com.GJHDigital.nashvilledrive1,1,1,1,1,1,1,1,1,1,1,1,1,1,0,0,1,0
com.nhcunningham.thewildcat,1,1,1,1,1,1,1,0,0,1,1,1,1,0,0,0,1
org.nussl.NusExtraDiscountCompanionApp,1,1,1,1,1,1,1,0,0,1,1,1,1,0,0,1,0
com.mysticwarriors,1,1,1,1,1,1,1,1,1,1,1,1,1,0,0,1,0
com.ibm.msm.android,1,1,1,1,1,1,1,0,0,1,1,1,1,0,0,1,0
com.zipcodes.zipcodetools,1,1,1,1,1,1,1,1,1,1,1,1,1,0,0,1,0
org.meshtek.movieshangman,0,0,0,0,0,0,0,0,0,0,0,0,0,0,0,0,0
org.cpf.app,1,1,1,1,1,1,1,1,1,1,1,1,1,0,0,1,0
com.bluestratus.britishquiz,1,1,1,1,1,1,1,0,0,1,1,1,0,0,0,0,1
com.cywheel.phoenixtarot_pro,1,1,1,1,1,1,1,0,0,1,1,1,1,0,0,1,0
org.andreafortuna.yattrssc,1,1,1,1,1,1,1,1,1,1,1,1,1,0,0,1,0
com.checkthecrowd,0,0,0,0,0,0,0,0,0,0,0,0,0,0,0,0,0
com.winenews,1,1,1,1,1,1,1,0,0,1,1,1,1,0,0,1,0
id.co.agrisoft.romadonapp,0,0,0,1,1,0,1,0,0,0,0,1,1,0,0,0,1
fi.panemerkille.app.android,1,1,1,1,1,1,1,0,0,1,1,1,1,0,0,1,0
com.memoplay.app,1,1,1,1,1,1,1,0,0,1,1,0,0,0,0,0,1
ru.orangeappsgames.reversi,0,1,1,1,1,1,1,0,0,1,1,0,0,0,0,0,1
fr.newquest.charlott,1,1,1,1,1,1,1,1,1,1,1,1,1,0,0,1,0
com.kulinertasik.app,0,0,0,0,0,0,0,0,0,0,0,0,0,0,0,0,0
com.appsbuilder415134,0,0,0,0,0,0,0,0,0,0,0,0,0,0,0,0,0
com.fpmweb.festamajor,1,1,1,1,1,1,1,1,1,1,1,1,1,0,0,1,0
com.phonegap.LibraryAnywhere,1,1,1,1,1,1,1,1,0,1,1,1,1,0,0,1,0
pl.phonegap.first,0,1,1,1,1,1,1,0,0,1,1,1,0,0,0,0,1
com.game4word4free,1,1,1,1,1,1,1,1,1,1,1,1,1,0,0,1,0
com.application.masterwhip,0,1,1,1,1,1,1,0,0,1,1,0,0,0,0,0,1
com.anders.sysbull,0,1,1,1,1,1,1,0,0,1,1,0,0,0,0,0,1
com.fight.trainer,1,1,1,1,1,1,1,0,0,1,1,1,1,0,0,1,0
com.padimastechsol.AF4U,1,1,1,1,1,1,1,1,1,1,1,1,1,0,0,1,1
com.giscloud.mdc,1,1,1,1,1,1,1,1,1,1,1,1,1,0,0,1,0
mx.elsiglo.torreon,1,1,1,1,1,1,1,1,1,1,1,1,1,0,0,1,0
com.tiichme.words,0,0,0,1,1,1,0,0,0,1,0,1,1,0,0,0,1
nl.elizawashere.app,1,1,1,1,1,1,1,1,1,1,1,1,1,0,0,1,0
whitegoblingames.rattus,1,1,1,1,1,1,1,0,0,1,1,1,1,0,0,1,0
com.studioquipo.dietwatch,1,1,1,1,1,1,1,0,0,1,1,1,0,0,0,0,1
com.cittaininternet.palazzodelleesposizioni,1,1,1,1,1,1,1,1,1,1,1,1,1,0,0,1,0
com.adl.ifest,0,0,0,0,0,0,0,0,0,0,0,0,0,0,0,0,0
com.sanebiometrics.detpix,1,1,1,1,1,1,1,1,1,1,1,1,1,0,0,1,0
iPic.nu,0,1,1,1,1,1,1,0,0,1,1,0,0,0,0,0,1
tbg.app,1,1,1,1,1,1,1,0,0,1,1,1,1,0,0,1,0
com.szappatini.guidabenessere,1,1,1,1,1,1,1,1,1,1,1,1,1,0,0,1,0
com.frondiz.Bugify,1,1,1,1,1,1,1,0,0,1,1,0,0,0,0,0,1
com.sweetsugar.fingerscanningwhatsapplock,0,0,0,0,0,0,0,0,0,0,0,0,0,0,0,0,0
com.bkam,1,1,1,1,1,1,1,1,1,1,1,1,1,0,0,1,0
au.com.mobilite,1,1,1,1,1,1,1,1,1,1,1,1,1,0,0,1,0
com.luigipicaro.ztlnapoli,1,1,1,1,1,1,1,0,0,1,1,1,1,0,0,0,1
com.sabre.tripcase.android,1,1,1,1,1,1,1,1,0,1,1,1,1,0,0,1,0
com.hartoingenio.nestle,0,1,1,1,1,1,1,0,0,1,1,0,0,0,0,0,1
com.ferras.reth,1,1,1,1,1,1,1,0,0,1,1,0,0,0,0,0,1
com.emlakjet.emlak.app,1,1,1,1,1,1,1,1,1,1,1,1,1,0,0,1,0
com.fala.launched2,1,1,1,1,1,1,1,1,0,1,1,1,1,0,0,1,0
hu.alchimedia.Hangman,1,1,1,1,1,1,1,1,0,1,1,1,1,0,0,1,0
com.tesi.mobinet,1,1,1,1,1,1,1,1,0,1,1,1,1,0,0,1,0
com.robertocaiazzo.wikipediadidyouknowInglese,1,1,1,1,1,1,1,1,1,1,1,1,1,0,0,1,0
com.cittaininternet.scuderiedelquirinale,1,1,1,1,1,1,1,1,0,1,1,1,1,0,0,1,0
info.lolfind.keys.office,1,1,1,1,1,1,1,0,0,1,1,1,1,0,0,0,1
com.claudanscorner.pinupfree,0,0,0,0,0,0,0,0,0,0,0,0,0,0,0,0,0
uk.co.tall_paul.jnag,0,0,0,0,0,0,0,0,0,0,0,0,0,0,0,0,0
com.hathix.android.chevre,1,1,1,1,1,1,1,0,0,1,1,1,1,0,0,1,0
it.jermann.Jermann,1,1,1,1,1,1,1,1,1,1,1,1,1,0,0,1,0
com.caesarslabs.hayuncamino,1,1,1,1,1,1,1,1,1,1,1,1,1,0,0,1,0
org.appreclama.reclama,1,1,1,1,1,1,1,1,0,1,1,1,1,0,0,1,0
com.sportkamasutra.lite,0,0,1,1,0,0,0,0,0,1,0,1,1,0,0,0,1
com.hypercalc.webhostingcalculator,1,1,1,1,1,1,1,0,0,1,1,1,1,0,0,1,0
com.happyhourusa.mobile,0,0,0,0,0,0,0,0,0,0,0,0,0,0,0,0,0
com.gartic.buracoon,1,1,1,1,1,1,1,1,1,1,1,1,1,0,0,1,0
com.thebes.liedetector,0,0,0,0,0,0,0,0,0,0,0,0,0,0,0,0,0
com.sysnetik.FIASched12,0,0,0,1,0,1,0,0,0,0,0,0,0,0,0,0,1
com.dotslot.trapaniup,1,1,1,1,1,1,1,1,1,1,1,1,1,0,0,1,0
com.thebes.flashlightfree,0,0,0,0,0,0,0,0,0,0,0,0,0,0,0,0,0
net.Hurl.Client,1,1,1,1,1,1,1,0,0,1,1,1,1,0,0,0,1
com.szappatini.timber.musicviewer,1,1,1,1,1,1,1,1,1,1,1,1,1,0,0,1,0
com.spletart.tour,1,1,1,1,1,1,1,0,0,1,1,1,1,0,0,1,0
com.loyaltymatch.rewardingyourself,0,1,1,1,1,1,1,0,0,1,1,0,0,0,0,0,1
com.smartpostmobile,1,1,1,1,1,1,1,0,0,1,1,1,1,0,0,1,0
com.digital.standard,1,1,1,1,1,1,1,1,1,1,1,1,0,0,0,1,0
com.powertools.catcarefree,1,1,1,1,1,1,1,1,1,1,1,1,1,0,0,1,0
com.atanasovski.soccer.highlights,1,1,1,1,1,1,1,0,0,1,1,1,1,0,0,1,0
com.weinor.weinor_service_en,1,1,1,1,1,1,1,1,1,1,1,1,1,0,0,1,0
sportstables.com,1,1,1,1,1,1,1,1,1,1,1,1,1,0,0,1,0
com.phonegap.tip,0,0,0,0,0,0,0,0,0,0,0,0,0,0,0,0,0
com.ugliapps.iheartfruits,1,1,1,1,1,1,1,0,0,1,1,0,0,0,0,0,1
sunnyappz.thesecretquotes,1,1,1,1,1,1,1,0,0,1,1,1,1,0,0,1,0
com.trackeat.mobile,1,1,1,1,1,1,1,1,0,1,1,1,1,0,0,1,0
