apk_name,navigator.getBattery,navigator.camera,device,navigator.notification,cordova.file,navigator.geolocation,cordova.InAppBrowser,Media,navigator.device.capture,navigator.connection,screen.orientation,navigator.splashscreen,StatusBar,navigator.vibrate
com.pr.ojectblue.dothis,0,6,7,2,0,8,0,1,2,0,0,0,0,0
com.indiageeks.apk,0,1,1,13,0,1,0,94,1,4,0,1,0,0
com.koimoi.android,0,1,4,2,0,1,0,94,1,2,0,1,0,0
com.activitylabs.bankbluffer,0,0,8,1,0,4,0,98,0,0,0,0,0,0
prayerguide.thegagne.com,0,4,7,3,0,8,0,1,2,0,0,0,0,0
com.cooperbussmann.faultcurrentcalculator,0,1,3,2,0,1,0,94,1,2,0,1,0,0
biz.raitco.fastdeals,0,1,1,2,0,1,0,3,1,1,0,1,0,0
com.drawroulette,0,0,2,1,0,1,0,87,0,0,0,0,0,0
com.axeuk.android.bump,0,6,52,2,0,8,0,1,2,0,0,0,0,0
com.peoplecall.nubefone,0,1,14,9,0,1,0,94,1,2,0,2,0,0
com.untappdllc.app,0,1,2,2,0,1,0,94,1,2,0,1,2,0
com.mkhuda.sangpenemu,0,0,16,1,0,0,0,1,0,0,0,0,0,0
com.tonnguyen.mega,0,0,1,0,0,0,0,88,0,1,0,0,0,0
com.onlinebrokerrev.android,0,6,1,2,0,8,0,64,2,0,0,0,0,0
org.berlin_vegan.bvapp,0,2,16,3,0,8,0,49,2,0,0,0,0,0
com.fsch.truthordare,0,1,8,2,0,1,0,1,1,2,0,1,0,0
org.meshtek.tictactoe,0,0,0,0,0,0,0,0,0,0,0,0,0,0
nl.addnoise.wykelshallum,0,0,1,0,0,0,0,98,0,1,0,1,0,0
com.xplidev.detailedtaskmanager,0,0,0,0,0,0,0,0,0,0,0,0,0,0
simple.periodictable,0,0,1,0,0,0,0,95,0,0,0,0,0,0
com.marcucio.getitdone,0,0,104,2,0,0,0,34,0,1,0,0,0,0
be.tweedehands.m,0,0,57,0,0,0,0,98,0,1,0,0,0,0
at.sosme.app,0,5,1,2,0,8,0,56,2,0,0,0,0,0
com.mogl,0,0,0,0,0,0,0,0,0,0,0,0,0,0
com.tossapp3,0,1,8,3,0,1,0,2,1,1,0,1,0,0
com.solidapps.geoquiz,0,0,45,5,0,4,0,90,0,0,0,0,0,0
uk.co.creo.cookingforstudents,0,5,1,2,0,2,0,2,2,0,0,0,0,0
com.kiwixi.com,0,1,58,2,0,1,0,94,1,2,0,1,0,0
com.skgames.lpoints,0,2,21,2,0,3,0,16,0,0,0,0,0,0
de.tursics.nameyourbabe,0,1,7,2,0,1,0,94,1,2,0,1,0,0
uc.co.liveglutenfree,0,0,2,0,0,3,0,5,0,0,0,0,0,0
com.jmstechsys.culturalcorridor,0,3,5,1,0,1,0,94,1,2,0,2,0,0
net.clasificadosnet.android,0,0,1,1,0,0,0,87,0,0,0,0,0,0
com.giuseppesoft.giupcartelera,0,0,1,0,0,0,0,87,0,0,0,0,0,0
com.ppbg.Pcb,0,1,2,2,0,1,0,94,1,2,0,1,0,0
com.realitybridges.zombietag.challenge,0,0,1,2,0,1,0,1,0,1,0,0,0,0
DeliciousXiamen,0,6,96,0,0,2,0,14,0,0,0,0,0,0
com.tarun.hanumanchalisa,0,0,0,0,0,0,0,0,0,0,0,0,0,0
com.fracturedvisionmedia.absinthe,0,0,1,0,0,0,0,3,0,1,0,0,0,0
com.flyacts.typo3campberlin,0,0,57,2,0,0,0,98,0,1,0,2,0,0
de.trinimon.calculator,0,4,1,2,0,8,0,52,2,0,0,0,0,0
com.twidaq.pglite,0,0,4,1,0,0,0,87,0,0,0,0,0,0
com.urucas.tmusica,0,1,2,2,0,1,0,7,1,2,0,1,2,0
com.powertools.clicker,0,0,0,0,0,0,0,0,0,0,0,0,0,0
ru.wyeg.instatag,0,1,20,2,0,1,0,94,1,2,0,1,0,0
com.priceitgame,0,1,8,2,0,4,0,98,0,1,0,1,0,0
nl.x_services.buildmeister,0,1,1,1,0,1,0,94,1,2,0,1,0,0
com.schuitemaker.k1ckstart3r,0,1,14,1,0,1,0,94,1,2,0,1,0,0
fm.superplayer.jukebot,0,1,63,2,0,1,0,94,1,2,0,1,2,0
com.elvito.radio.waves,0,0,59,0,0,0,0,87,0,0,0,0,0,0
com.viteb.UniversalCounters,0,0,0,0,0,0,0,0,0,0,0,0,0,0
com.jmstech.mychildswords,0,1,8,2,0,1,0,2,1,1,0,1,0,0
com.oppositecoast.www.mwm,0,1,6,4,0,1,0,94,1,1,0,1,0,0
my.boletus.demo,0,1,8,4,0,4,0,5,1,2,0,1,0,0
com.ohmztech.classaction,0,1,8,2,0,1,0,94,1,2,0,1,0,0
com.SlateStudio.HelloHarto,0,1,1,6,0,1,0,10,1,1,0,1,0,0
com.phoneprojects.angrychicks,0,1,58,2,0,1,0,94,1,2,0,1,0,0
com.dasque,0,1,8,2,0,1,0,3,1,2,0,1,0,0
com.testsstore.app,0,2,1,4,0,8,0,59,2,0,0,0,0,0
com.takeweather,0,13,14,3,0,1,0,2,0,1,0,0,0,0
dan.seekr,0,1,8,1,0,1,0,94,1,2,0,1,0,0
air.com.KickstandTech.MotorcycleWeather,0,1,2,2,0,2,0,94,1,2,0,1,0,0
com.openargs,0,6,50,2,0,8,0,64,2,0,0,0,5,0
com.phonegap.intown,0,6,52,2,0,8,0,63,2,0,0,0,0,0
com.mkhuda.ilmuaislam,0,0,16,1,0,1,0,1,0,0,0,0,0,0
com.onlinerepublic.AirportCarRental,0,1,1,2,0,1,0,84,1,2,0,1,0,0
org.techdoc,0,6,1,2,0,3,0,5,2,0,0,0,0,0
de.jameda.android.arztsuche,0,1,58,2,0,2,0,97,1,2,0,1,0,0
de.rsp24.schloebe,0,0,55,0,0,0,0,87,0,0,0,0,0,0
com.nutreek.bbroy,0,0,57,0,0,0,0,96,0,1,0,0,0,0
com.app_mnpgolf.layout,0,0,0,0,0,0,0,0,0,0,0,0,0,0
no.android.learnerspracticetest,0,6,1,2,0,8,0,2,2,0,0,0,0,0
artiic.euroTweets2012,0,0,13,0,0,0,0,2,0,0,0,0,0,0
com.chillax.mydroid,0,0,0,0,0,0,0,0,0,0,0,0,0,0
com.sofar.mesgouts,0,0,59,0,0,0,0,87,0,0,0,0,0,0
russh.toddler.carsabcnumbers,0,1,3,2,0,1,0,4,1,2,0,1,0,0
com.iChemLabs.ChemDoodleMobile,0,1,2,19,0,1,0,3,1,1,0,1,0,0
de.kashban.android.kakerlake,0,0,58,1,0,0,0,95,0,0,0,0,0,0
com.greenbuildingapp.gba,0,1,23,2,0,5,0,8,1,2,0,1,0,0
net.klier.blutdruck,0,1,4,1,0,1,0,94,1,2,0,1,0,0
hotspotshield.android.vpn,0,0,0,0,0,0,0,0,0,0,0,0,0,0
com.critalsoft.eazywallet,0,1,2,2,0,1,0,2,1,2,0,1,0,0
org.dinamisglobe.mobileapp,0,4,1,3,0,1,0,87,0,0,0,0,0,0
com.phonegap.mobmarket,0,1,7,2,0,1,0,63,2,0,0,0,0,0
com.phonegap.clearpoint,0,1,1,1,0,1,0,94,1,1,0,1,0,0
com.mobileteck.lovevoucher,0,1,8,2,0,2,0,3,1,3,0,1,0,0
com.infocus.vionnow,0,0,1,0,0,0,0,1,0,0,0,0,0,0
korean.fashion.molinomobile,0,0,47,0,0,0,0,87,0,0,0,0,0,0
com.groundroad.aucru,0,0,0,0,0,0,0,0,0,0,0,0,0,0
org.meshtek.top20sportscars,0,4,1,3,0,8,0,46,0,0,0,0,0,0
org.UniApp.UoR,0,6,1,2,0,8,0,64,2,0,0,0,0,0
com.amoedo.calculadora,0,1,1,2,0,1,0,3,1,2,0,1,0,0
com.Play2Learn.PhoneGap,0,6,2,1,0,4,0,1,2,1,0,1,0,0
com.ignite.adscal,0,6,50,2,0,8,0,64,2,0,0,0,0,0
com.dadadish.Matriwish,0,1,53,1,0,4,0,90,1,1,0,0,0,0
com.twist.android,0,4,1,15,0,3,0,94,1,2,0,1,0,0
com.tuliorocha,0,1,8,2,0,1,0,3,1,2,0,1,0,0
us.broadleaf.mobile.android.mt.play,0,1,58,2,0,1,0,94,1,2,0,1,0,0
kz.ps.app,0,1,4,2,0,1,0,94,1,1,0,1,0,0
com.iv.perfectchristianquotes,0,0,0,0,0,0,0,0,0,0,0,0,0,0
com.zope.zebrareach,0,0,0,0,0,0,0,0,0,0,0,0,0,0
com.pixeldolphingame.tapandfield,0,0,55,0,0,0,0,1,0,0,0,0,0,0
com.yoyo.lgc.android,0,1,4,2,0,1,0,94,1,2,0,1,0,0
br.com.rommel.point,0,6,50,2,0,8,0,64,2,0,0,0,5,0
ca.cultureplex.drglearning,0,0,11,1,0,2,0,5,0,0,0,0,0,0
sworkitapp.sworkit.com,0,0,1,1,0,0,0,98,0,1,0,0,0,0
au.edu.swsi.tafeswsi,0,1,8,2,0,7,0,1,0,1,0,1,0,0
org.meshtek.quotetime,0,4,1,3,0,8,0,46,0,0,0,0,0,0
br.com.tippz,0,8,2,2,0,1,0,94,1,1,0,1,0,0
com.sourcefuse.foodietogo,0,0,7,0,0,2,0,1,0,1,0,1,0,0
br.com.petrim.supercalculadora,0,1,1,2,0,1,0,1,1,2,0,1,0,0
com.audero.free.utility.currencyconverter,0,0,1,4,0,0,0,98,0,1,0,0,0,0
com.aitrich.roadrescue,0,0,57,0,0,0,0,98,0,1,0,0,0,0
com.telerik.RCI___HobbykingApp,0,0,0,0,0,0,0,0,0,0,0,0,0,0
com.wooinvi.xoso,0,1,8,9,0,1,0,2,1,2,0,1,0,0
com.mybusinesscatalog.demo,0,0,0,0,0,0,0,0,0,0,0,0,0,0
com.exposure101.stagehand,0,0,0,0,0,0,0,0,0,0,0,0,0,0
com.epanicdev.livephotoapp,0,0,0,0,0,0,0,0,0,0,0,0,0,0
com.cittaininternet.spelloturismo,0,1,4,2,0,1,0,2,1,2,0,1,0,0
com.netscribe.BuildACareer,0,4,1,1,0,5,0,4,2,0,0,0,4,0
com.cywheel.IDoubtIt_en,0,0,1,1,0,0,0,2,0,0,0,0,0,0
com.sinaapp.SAEtt4s,0,3,1,2,0,1,0,2,2,0,0,2,0,0
com.myapartmentmap.MyApartmentMap,0,0,47,0,0,0,0,87,0,0,0,0,0,0
com.programmerworld.HRInterviewQuestionsLite,0,0,55,1,0,3,0,87,0,0,0,0,0,0
nl.nn.kijkoppensioen,0,1,34,8,0,1,0,88,1,2,0,1,0,0
com.feudfraudINT,0,0,47,0,0,0,0,87,0,0,0,0,0,0
com.close2u,0,1,58,2,0,1,0,94,1,2,0,1,0,0
com.Verbier,0,0,1,1,0,1,0,98,1,1,0,0,0,0
com.webloxion.byolife_streets_app,0,4,1,3,0,8,0,46,0,0,0,0,0,0
ch.creisi.cppairsfree,0,0,1,1,0,0,0,96,0,1,0,1,0,0
com.runemartin.bartebuss,0,6,1,2,0,2,0,64,2,0,0,2,0,0
com.phonegap.bizzdesk,0,4,1,2,0,8,0,44,0,0,0,0,0,0
de.krug.eartastic,0,1,63,2,0,1,0,94,1,2,0,1,0,0
com.DTWTech.WebCodeApp,0,0,57,2,0,0,0,98,0,1,0,1,0,0
com.ouadbanyoussef.ipastcontact,0,0,1,3,0,0,0,87,0,0,0,0,2,0
it.mobimentum.aragnozzles,0,1,1,1,0,1,0,3,1,2,0,1,0,0
iclicker.riccardofilippone,0,6,4,3,0,8,0,3,2,0,0,0,0,0
by.stdnk.gpk,0,4,1,3,0,8,0,54,2,0,0,0,0,0
com.sweetsugar.gallerylock,0,0,0,0,0,0,0,0,0,0,0,0,0,0
sa.edu.ksu.Ayat,0,0,1,0,0,0,0,3,0,1,0,0,0,0
com.mathopen.androidmath,0,6,52,2,0,8,0,17,2,0,0,0,0,0
com.softrole.bstales,0,1,7,2,0,1,0,94,1,2,0,1,0,0
com.beelinkapp.Beelink,0,0,15,2,0,0,0,32,0,3,0,4,0,0
com.bippesbrandao.phonegap.rechenknecht,0,6,50,2,0,8,0,64,2,0,0,0,0,0
de.applikationswerk.hannoverguide,0,0,44,0,0,2,0,87,0,0,0,4,0,0
org.councilroad.mychurch,0,6,52,2,0,8,0,64,2,0,0,0,0,0
com.iopensoft.pronto,0,1,5,3,0,1,0,3,1,2,0,1,0,0
de.stanwood.onair.phonegap,0,0,2,6,0,0,0,96,0,1,0,0,2,0
com.hiddenobjectdogs,0,1,8,2,0,1,0,11,1,2,0,1,0,0
com.fieldateam.coach,0,1,2,2,0,1,0,84,1,2,0,1,0,0
com.mestre.solidale,0,0,0,0,0,0,0,0,0,0,0,0,0,0
com.keranmckenzie.oandx,0,1,21,2,0,1,0,94,1,2,0,1,0,0
com.townside.comparemymobile,0,0,0,0,0,0,0,0,0,0,0,0,0,0
lightingcalc.everlastlight.com,0,0,0,0,0,0,0,0,0,0,0,0,0,0
com.yousaid.what,0,6,16,1,0,1,0,1,1,2,0,1,2,0
com.laformula1.android,0,0,1,12,0,1,0,3,0,0,0,0,0,0
com.alawar.TwistedLandsInsomniac,0,0,0,0,0,0,0,0,0,0,0,0,0,0
com.tiggzi.project54500,0,1,1,0,0,4,0,3,0,1,0,0,0,0
com.cloudrobots.azfinance,0,0,59,0,0,0,0,87,0,0,0,0,0,0
info.i360.amamua,0,0,1,6,0,2,0,98,0,1,0,1,0,0
de.n1klas.whereisthesun,0,2,16,2,0,11,0,49,2,0,0,0,0,0
br.com.algorich.impostometro,0,2,1,0,0,1,0,88,0,9,0,1,0,0
com.parcye.hondcalc,0,1,7,2,0,1,0,80,0,0,0,0,0,0
com.audero.free.utility.whereiparkedmycar,0,0,1,5,0,2,0,87,0,0,0,0,0,0
com.semarketir.mosquedetector,0,0,16,2,0,1,0,5,0,1,0,1,0,0
SevenSky_Main_Android.SevenSky_Main_Android,0,0,0,0,0,0,0,0,0,0,0,0,0,0
com.fala.fastmail,0,1,1,0,0,3,0,1,0,1,0,0,0,0
org.teusink.droidpapers,0,1,1,2,0,1,0,3,1,1,0,1,0,0
com.pixshar.pixsharnews,0,0,0,0,0,0,0,0,0,0,0,0,0,0
com.ilscipio.browseo,0,0,17,0,0,0,0,85,0,0,0,0,0,0
com.valueapps.christmas.newsantatracker,0,0,0,0,0,0,0,0,0,0,0,0,0,0
org.opencorebanking.martfree,0,1,1,2,0,1,0,1,1,2,0,1,0,0
com.niagara.canada,0,0,0,0,0,0,0,0,0,0,0,0,0,0
com.keepers.friocerofinal,0,1,1,1,0,1,0,3,1,2,0,1,0,0
com.darts_scorer.dartsScorer,0,0,1,0,0,0,0,98,0,1,0,0,0,0
org.devgeeks.fourzzzfm,0,6,7,5,0,2,0,16,2,0,0,0,0,0
com.invish.toddler,0,0,0,0,0,0,0,0,0,0,0,0,0,0
cl.androidapps.metrovalpo,0,6,50,2,0,8,0,64,2,0,0,0,0,0
com.riflebid,0,0,0,0,0,0,0,0,0,0,0,0,0,0
it.bettinglife.mobile.lite,0,0,1,0,0,0,0,98,0,1,0,0,0,0
org.sfgov.web,0,2,2,2,0,1,0,1,2,0,0,0,0,0
com.app.telkomvision,0,1,1,2,0,1,0,3,1,2,0,1,0,0
com.randommunch,0,0,57,2,0,1,0,98,0,1,0,0,0,0
org.caou.bouncetothemoon,0,0,1,1,0,0,0,4,0,0,0,0,0,0
mobi.tapto.loadr,0,0,4,0,0,5,0,2,0,0,0,0,0,0
com.groundroad.salecalc,0,6,50,2,0,8,0,64,2,0,0,0,0,0
com.enmerchant.turnchef,0,1,8,1,0,1,0,3,1,2,0,1,0,0
com.icommerce.ece,0,4,51,3,0,8,0,54,2,0,0,0,0,0
com.bistri.prace,0,0,0,0,0,0,0,0,0,0,0,0,0,0
com.urnotl.thepositivefactors,0,6,1,3,0,8,0,64,2,0,0,0,0,0
com.degenet.reiortiz,0,0,1,1,0,0,0,1,0,0,0,0,0,0
it.nowhere.afcoltellerie,0,1,8,2,0,1,0,94,1,2,0,1,0,0
com.gamzaz.app,0,2,2,11,0,1,0,5,2,0,0,0,0,0
com.eurovisionspain.eurovision_spain,0,1,21,6,0,1,0,3,1,2,0,1,0,0
ch.mitinnovation.apps.luegeten,0,0,36,1,0,7,0,80,0,0,0,0,0,0
com.labaix.roomheatpowcalc,0,0,1,0,0,0,0,0,0,0,0,0,0,0
com.spluhdap.hangmantogo,0,0,113,0,0,2,0,14,0,0,0,0,0,0
com.mobilecrud.clickorclash,0,1,8,8,0,1,0,3,1,2,0,1,0,0
com.spotamo.app,0,0,10,0,0,0,0,0,0,0,0,0,0,0
com.szappatini.timber,0,1,1,1,0,0,0,1,0,0,0,1,0,0
com.english.rhymes,0,0,0,0,0,0,0,0,0,0,0,0,0,0
com.prolateral.outmailusage,0,1,1,2,0,1,0,87,0,0,0,0,0,0
ac.defib.mobile,0,6,8,2,0,7,0,2,2,0,0,2,0,0
nl.markdegroot.harenharen,0,1,5,2,0,1,0,94,1,2,0,1,0,0
sg.com.safraradio.jia883fm,0,2,3,3,0,0,0,5,0,0,0,0,0,0
com.thebes.callconfirmfree,0,0,0,0,0,0,0,0,0,0,0,0,0,0
ch.schwingenonline.android (1),0,1,19,2,0,1,0,84,1,2,0,1,0,0
com.senddr.mobile,0,1,2,4,0,1,0,94,1,1,0,1,0,0
com.etpio.footwork,0,1,1,5,0,8,0,87,0,0,0,0,0,0
com.sweetnspicy.recipes,0,0,0,0,0,0,0,0,0,0,0,0,0,0
com.soffia.thealphabet,0,1,7,2,0,1,0,64,2,0,0,0,0,0
com.andygreen.AndyGreen,0,1,141,2,0,2,0,94,1,1,0,2,0,0
com.rouxbee.dottodotzoo.free,0,0,36,0,0,0,0,1,0,0,0,0,0,0
net.mpowers.brigade.android,0,4,2,3,0,8,0,44,0,0,0,0,0,0
com.isuagm.suagm,0,0,1,1,0,2,0,98,0,1,0,1,0,0
com.phenu.speeker,0,1,8,2,0,1,0,4,1,2,0,1,2,0
com.camden.phonegapmega,0,2,1,4,0,3,0,1,3,0,0,0,0,0
com.phonegap.bearthdays,0,1,8,2,0,2,0,2,2,0,0,0,0,0
com.HangmanCreator,0,2,30,4,0,2,0,16,2,0,0,0,0,0
com.opentangerine.ejero.mobile,0,0,1,6,0,0,0,98,0,1,0,0,0,0
ntg.fuelstation.finder,0,0,1,10,0,1,0,87,0,0,0,0,0,0
net.ikeretxebarria.euskeraz,0,4,1,1,0,8,0,54,2,0,0,0,0,0
de.disupport.GDApp,0,1,8,2,0,8,0,64,2,0,0,0,0,0
com.kuernel.games.coupling,0,0,0,0,0,0,0,0,0,0,0,0,0,0
com.buzzvote.mobileapp,0,2,1,0,0,0,0,98,0,1,0,0,0,0
org.guess.that,0,1,1,2,0,1,0,1,1,2,0,1,0,0
com.stungeye.winnipegnews,0,0,1,0,0,0,0,80,0,0,0,0,0,0
com.ironServices.audioBooks,0,0,3,0,0,0,0,13,0,1,0,1,0,0
com.mindtricksdev.mathiq,0,1,11,5,0,1,0,1,1,2,0,2,0,0
com.icode.pataterie,0,1,58,2,0,1,0,94,1,2,0,1,0,0
com.wizardtykes.phonegap,0,6,2,1,0,4,0,1,2,1,0,1,0,0
com.aragon.kairos,0,0,1,0,0,0,0,1,0,0,0,0,2,0
com.auctions411.cloudpos,0,1,1,1,0,1,0,3,0,0,0,0,0,0
com.mds.applaud,0,6,50,4,0,8,0,64,2,0,0,0,0,0
com.thebes.smspopupfree,0,0,0,0,0,0,0,0,0,0,0,0,0,0
cloud4apps.cBlocker,0,0,7,0,0,0,0,1,0,0,0,0,0,0
com.VergeSystems.WebHR,0,0,8,0,0,0,0,3,0,0,0,0,0,0
org.voxteneo,0,5,1,1,0,4,0,87,0,0,0,0,2,0
com.healthtap.userhtexpress,0,5,11,2,0,1,0,88,0,1,0,0,7,0
cz.burger.android.phonegap.mobileprsi,0,4,41,4,0,8,0,46,0,0,0,0,0,0
com.SpaceStationFinder,0,0,2,0,0,3,0,1,0,0,0,0,0,0
org.seciconsulting.mrfoggpuglia,0,6,1,2,0,2,0,3,1,4,0,1,0,0
com.jazzlebags.assgassfree,0,1,58,2,0,1,0,94,1,2,0,1,0,0
com.summit.conduitfilltracker,0,0,1,0,0,0,0,98,0,1,0,1,0,0
com.sixstephens.knotster,0,0,1,0,0,0,0,87,0,0,0,0,0,0
com.phonegap.mabc,0,1,7,2,0,1,0,87,0,0,0,0,0,0
com.guessmypic,0,3,27,4,0,1,0,1,0,0,0,0,0,0
com.yip.roll7days,0,1,58,2,0,1,0,94,1,2,0,1,0,0
com.sjdm.pip.android,0,1,2,2,0,5,0,3,1,2,0,1,0,0
se.svenskchefsforening.nysomchef,0,0,36,0,0,0,0,80,0,0,0,0,0,0
com.addval.wimbimed,0,0,0,0,0,0,0,0,0,0,0,0,0,0
us.skyb.skysigns,0,5,2,2,0,8,0,56,2,0,0,0,0,0
com.apps.budget,0,1,8,1,0,1,0,94,1,2,0,1,0,0
mx.com.tekne.mobile.gotocinema,0,1,36,2,0,2,0,80,0,0,0,0,0,0
com.mulvaney.go2012,0,0,1,3,0,4,0,90,0,0,0,0,0,0
com.appsbuilder241206,0,0,0,0,0,0,0,0,0,0,0,0,0,0
com.reachtree.profile,0,1,2,2,0,2,0,98,0,1,0,1,0,0
com.creativegrid.feltfactoryfree,0,3,2,2,0,8,0,64,2,0,0,0,0,0
SevenSky_Main_Android.SevenSky_Main_Android (1),0,0,0,0,0,0,0,0,0,0,0,0,0,0
com.phonegap.unfpa,0,0,1,0,0,0,0,3,0,0,0,1,0,0
com.racingsolution.mobileautoscene,0,0,1,0,0,0,0,3,0,1,0,0,0,0
com.phonegap.myvidster,0,2,3,1,0,3,0,24,1,2,0,1,1,0
com.webprofusion.openchargemap,0,1,1,1,0,4,0,3,1,2,0,1,0,0
com.aryaco.mobile,0,0,1,0,0,1,0,2,0,1,0,0,0,0
com.pride.lgbt,0,2,5,1,0,1,0,2,0,0,0,0,0,0
com.phonegap.bostaden,0,5,1,11,0,8,0,56,2,0,0,0,0,0
trackgps.mobilskys.com,0,0,0,0,0,0,0,0,0,0,0,0,0,0
com.springmobile.employee,0,1,7,3,0,3,0,5,1,2,0,1,0,0
com.skytoplabs.kapeesh,0,0,8,0,0,0,0,2,0,1,0,0,0,0
com.appnjoy.sightonme,0,5,7,2,0,8,0,1,2,0,0,0,0,0
com.protestai,0,4,1,6,0,2,0,10,1,8,0,1,0,0
com.ironServices.fullDictionary,0,0,3,0,0,0,0,13,0,1,0,1,0,0
com.shweproperty.mobile,0,1,8,2,0,2,0,97,1,2,0,1,0,0
com.richapps.games,0,1,8,2,0,1,0,87,1,2,0,4,0,0
uk.co.sireassemblies.newspeyefree,0,1,8,2,0,1,0,94,1,2,0,1,0,0
com.jsplash.apps.sightreadingimprover,0,4,51,3,0,8,0,54,2,0,0,0,0,0
appnjoy.tippyeng,0,6,52,2,0,8,0,64,2,0,0,0,0,0
uk.ac.edina.mobile,0,1,3,2,0,1,0,94,1,2,0,1,0,0
com.obacht.game,0,1,4,2,0,1,0,94,1,2,0,1,0,0
appinventor.ai_p_tuttoilmondo.Fools,0,0,1,1,0,0,0,95,0,0,0,0,0,0
pl.desmart.gcb_event,0,1,28,9,0,0,0,98,0,0,0,0,0,0
com.battlefit.app,0,1,1,7,0,1,0,1,1,2,0,1,0,0
com.shaheeilyas.NakaiyNevi,0,0,2,0,0,0,0,98,0,1,0,0,0,0
com.livetrails,0,1,1,2,0,4,0,1,0,1,0,0,0,0
com.curbednetwork.eater,0,0,1,0,0,1,0,96,0,1,0,1,0,0
lab.chsmedien.mensaapp,0,0,29,15,0,1,0,98,0,1,0,0,0,0
com.phonegap.wordart,0,0,1,0,0,0,0,87,0,0,0,0,0,0
com.carel.climate,0,0,2,21,0,2,0,1,0,0,0,0,0,0
com.kliktrayllc.doctray,0,5,4,3,0,8,0,56,2,0,0,0,0,0
com.lasyk.tpdb,0,1,1,2,0,1,0,3,1,2,0,1,0,0
br.com.xaveco,0,0,47,0,0,0,0,87,0,0,0,0,0,0
com.sezonegames.ge2,0,4,2,1,0,8,0,46,0,0,0,0,0,0
mobile.coyote,0,0,53,0,0,4,0,101,0,1,0,0,0,0
com.inidfab.srm.priceassist,0,6,1,2,0,8,0,63,2,0,0,0,0,0
mx.com.tekne.mobile,0,6,6,2,0,2,0,19,3,0,0,0,0,0
de.nak.news,0,6,9,2,0,1,0,54,2,1,0,2,0,0
org.meshtek.countrieshangman,0,4,1,3,0,8,0,2,0,0,0,0,0,0
com.basketusa.appandroid,0,1,3,2,0,2,0,13,1,1,0,1,0,0
by.budget001,0,0,0,0,0,0,0,0,0,0,0,0,0,0
com.refulgenceinc.bluediamond,0,1,4,10,0,1,0,94,1,2,0,1,0,0
com.orange.labs.coverscan,0,3,57,5,0,0,0,98,0,1,0,1,0,0
nl.app33.vakmedianet.ohnw,0,0,58,0,0,4,0,95,0,0,0,1,0,0
com.powertools.AlcLevelFree,0,0,8,0,0,0,0,1,0,1,0,0,0,0
com.thebes.converterfree,0,0,0,0,0,0,0,0,0,0,0,0,0,0
com.superurchin.manup,0,0,3,2,0,0,0,98,0,1,0,0,0,0
com.root.Dineline,0,1,57,2,0,2,0,98,1,1,0,1,0,0
de.werzahltmehr,0,5,1,1,0,8,0,56,2,0,0,0,0,0
org.meshtek.wonders7,0,4,30,3,0,8,0,46,0,0,0,0,0,0
com.m0rg0t.victorium.book,0,5,7,2,0,1,0,1,2,0,0,0,0,0
beep.dhenriquez.cl,0,0,47,0,0,0,0,87,0,0,0,0,0,0
com.faber04.ilostmycar,0,1,63,2,0,1,0,94,1,2,0,1,0,0
com.botsol.miteam,0,12,1,0,0,4,0,95,0,0,0,0,0,0
com.trashnothing.app,0,1,10,2,0,3,0,3,1,2,0,1,0,0
org.dossou.app.meteoMoto,0,1,1,2,0,1,0,94,1,2,0,1,0,0
com.fanfa.altimetro,0,0,0,0,0,0,0,0,0,0,0,0,0,0
com.catode.cities.languagehtml5,0,0,0,0,0,0,0,0,0,0,0,0,0,0
com.saj.memory_check,0,0,57,2,0,0,0,2,0,1,0,0,0,0
saypu.com,0,1,3,1,0,1,0,87,0,0,0,0,0,0
ch.webacons.backstage,0,4,2,1,0,2,0,4,0,0,0,0,0,0
com.collabera.TollFreeNumbers,0,5,47,2,0,8,0,66,2,0,0,2,0,0
com.appinmotion.artofwar,0,0,0,0,0,0,0,0,0,0,0,0,0,0
blacknWhite.CallBlockerTimerWidget,0,0,1,1,0,0,0,1,0,0,0,0,0,0
com.labid.varesenews,0,0,1,0,0,0,0,3,0,1,0,0,0,0
com.appfilia.android.tresnchapa,0,0,57,0,0,0,0,98,0,1,0,0,0,0
com.dietrichs.areacalculator,0,0,45,5,0,4,0,90,0,0,0,0,0,0
digitalissimo.it,0,0,55,0,0,0,0,87,0,0,0,0,0,0
com.phonegap.fruit_salad,0,0,59,0,0,0,0,87,0,0,0,0,0,0
com.stungeye.meowreader,0,6,50,2,0,8,0,64,2,0,0,0,0,0
com.faber04.romasposa,0,0,1,1,0,0,0,0,0,0,0,0,0,0
KGRSystems.iLearnPad.ryanki1,0,0,1,0,0,0,0,4,0,0,0,0,0,0
com.designtailors.Translator,0,0,57,0,0,0,0,98,0,1,0,0,0,0
com.thebes.networkbooster,0,0,0,0,0,0,0,0,0,0,0,0,0,0
com.inviqa.Rower,0,0,1,3,0,0,0,1,0,1,0,0,0,0
com.thebes.burstcamerafree,0,0,0,0,0,0,0,0,0,0,0,0,0,0
com.tip2u.mobile,0,0,8,2,0,1,0,87,0,0,0,1,0,0
app.rawi.android,0,5,1,5,0,5,0,1,3,2,0,1,0,0
com.webcamscz.map,0,1,2,12,0,2,0,94,1,1,0,1,0,0
com.albernamij.numberIllusion,0,6,50,2,0,8,0,64,2,0,0,0,0,0
spinach.labor.salary.greencard,0,0,1,0,0,0,0,87,0,0,0,0,0,0
com.digipea.mobile,0,1,8,2,0,1,0,44,0,1,0,0,0,0
com.AmDeeLLC.Desi,0,4,25,2,0,8,0,44,0,0,0,0,0,0
com.bunkerpalace.jazzmachine,0,1,2,1,0,1,0,94,1,2,0,1,0,0
com.blinzy.games.luckyfred,0,0,0,0,0,0,0,0,0,0,0,0,0,0
be.trendsco.mijntuinwebapp,0,1,1,29,0,0,0,10,0,0,0,0,0,0
com.wemotic.underthechristmastreesoundcards,0,5,50,2,0,8,0,2,2,0,0,0,0,0
com.viteb.FieldJobReporting,0,0,0,0,0,0,0,0,0,0,0,0,0,0
com.nazarene.bobbleheads,0,5,50,2,0,8,0,56,2,0,0,0,0,0
com.baliprojects.keutamaantarawih,0,0,1,0,0,1,0,87,0,0,0,0,0,0
com.eurofinsoptimed.recrut,0,1,1,3,0,1,0,3,1,1,0,1,0,0
com.titechzen.titechzen,0,1,1,2,0,1,0,94,1,2,0,1,0,0
edu.aces.smartyards,0,0,8,0,0,0,0,5,0,1,0,0,0,0
ch.schwingenonline.android,0,1,19,2,0,1,0,84,1,2,0,1,0,0
com.phonegap.foroneday,0,0,57,0,0,0,0,98,0,1,0,0,0,0
com.cooperbussmann.fusefinder,0,0,2,0,0,1,0,98,0,1,0,0,0,0
net.klier.bmi2free,0,6,50,2,0,8,0,64,2,0,0,0,0,0
com.logitech.squeezeboxremote,0,2,2,7,0,3,0,5,0,0,0,0,0,0
com.napoleonicmonkey.island,0,0,0,0,0,0,0,0,0,0,0,0,0,0
com.gwtmobile.phonegap,0,1,11,20,0,3,0,18,3,0,0,0,0,0
com.kyosuke25.edgejumper,0,1,63,11,0,1,0,94,1,2,0,1,0,0
com.ohmztech.hungrypet1,0,1,58,2,0,1,0,94,1,2,0,1,0,0
com.dirtylittlecyborg.words.free,0,0,8,0,0,0,0,26,0,0,0,0,0,0
com.megatomi.vivienneballaphotography,0,0,1,0,0,0,0,87,0,0,0,0,0,0
picshares.PicShares.com,0,2,9,3,0,1,0,1,1,2,0,1,0,0
com.doersguild.generalknowledge,0,0,57,0,0,0,0,98,0,1,0,1,0,0
com.sweetsugar.fastinternetboosterfree,0,0,0,0,0,0,0,0,0,0,0,0,0,0
de.flyacts.mobilecampdresden,0,0,57,2,0,0,0,98,0,1,0,2,0,0
com.kmaru.kmaruApp,0,7,1,6,0,1,0,2,1,2,0,1,0,0
com.modalitaprovvisoria.nikitaradiostreamer2,0,1,8,2,0,1,0,96,0,1,0,1,0,0
com.uforlife.pixwithme,0,1,8,2,0,1,0,94,1,2,0,1,0,0
com.needforwords,0,1,8,2,0,1,0,5,1,2,0,1,0,0
com.phonegap.jpksongs,0,6,2,2,0,8,0,2,2,0,0,0,0,0
be.trendsco.mygardenapp,0,1,1,29,0,0,0,1,0,0,0,0,0,0
com.root.Connex,0,2,57,2,0,4,0,98,0,1,0,0,0,0
org.meshtek.hangman,0,4,1,3,0,8,0,2,0,0,0,0,0,0
org.usik.www,0,6,13,2,0,8,0,2,2,0,0,0,0,0
com.tftp.app,0,5,11,2,0,2,0,5,1,2,0,1,0,0
com.modalitaprovvisoria.nikitaradiostreamer,0,0,57,0,0,0,0,98,0,1,0,0,0,0
com.atmosphiral.qlinqs,0,1,1,1,0,0,0,95,0,0,0,0,0,0
nl.filmnu.nl,0,0,57,1,0,0,0,96,0,1,0,0,0,0
com.geocheckpointing.m,0,1,1,2,0,2,0,87,0,0,0,0,0,0
com.knownomy.geographysavvy,0,0,1,0,0,0,0,2,0,1,0,0,0,0
com.digigraff,0,0,0,0,0,0,0,0,0,0,0,0,0,0
com.codejinni.kids_painting,0,0,55,0,0,0,0,87,0,0,0,0,0,0
com.dsmn.musicfree,0,1,58,2,0,1,0,94,1,2,0,1,0,0
com.mobile.MobiGuru,0,0,0,0,0,0,0,0,0,0,0,0,0,0
com.blogspot.gayburg.gbapp,0,1,8,2,0,1,0,94,1,2,0,1,0,0
org.grexen.findmecoffee,0,1,16,2,0,4,0,1,1,2,0,2,0,0
net.klier.dduck,0,6,50,2,0,8,0,64,2,0,0,0,0,0
com.inova.svethitrosti,0,1,1,2,0,1,0,94,1,2,0,1,0,0
com.viteb.ksmg,0,0,0,0,0,0,0,0,0,0,0,0,0,0
com.findercodes,0,6,20,65,0,2,0,115,0,1,0,0,0,0
it.studiogammasnc.timeTracker,0,1,2,5,0,5,0,94,1,2,0,1,0,0
com.waio.mcodes.mobilesecretcodes,0,0,1,0,0,0,0,87,0,0,0,0,0,0
org.apache.cordova.Voxdox,0,1,1,4,0,1,0,4,1,1,0,1,0,0
org.meshtek.randlocation,0,4,1,3,0,8,0,46,0,0,0,0,0,0
com.rover.rovertown,0,0,8,2,0,1,0,90,0,0,0,0,0,0
com.Kwk,0,1,63,2,0,1,0,94,1,2,0,1,0,0
com.greencloud.beepmo,0,2,47,0,0,1,0,87,0,1,0,0,0,0
com.ninebysix.flixalert,0,1,51,2,0,1,0,94,1,2,0,1,0,0
com.barnabaslegeny.OneClickDiary,0,1,3,2,0,1,0,84,1,2,0,1,0,0
com.summit.nema_configuration,0,0,1,0,0,4,0,90,0,0,0,0,0,0
com.fwmd.flame,0,1,63,2,0,1,0,94,1,2,0,1,0,0
com.conduit.app_0622b56ec5cf49e08b38b3d8faedc4b3.app,0,6,31,5,0,5,0,120,0,3,0,0,0,0
com.cmc_rescue.rescue_field_guide,0,3,2,3,0,2,0,54,1,0,0,0,0,0
com.findmeon.maps,0,0,1,0,0,1,0,95,0,0,0,0,0,0
com.rumpus.wtpfree,0,4,2,1,0,3,0,31,0,1,0,0,0,0
com.torymcbroom.missingchild,0,0,16,1,0,0,0,1,0,0,0,0,0,0
com.icisneros.conversoreuro,0,5,50,2,0,8,0,56,2,0,0,0,0,0
dev.t1.p1,0,0,0,0,0,0,0,0,0,0,0,0,0,0
coop.nomad.reviewgrabber,0,0,0,0,0,0,0,0,0,0,0,0,0,0
com.zabkab.passenger,0,0,68,13,0,4,0,91,0,0,0,0,0,0
com.umiqs.ghanabuzz,0,1,1,3,0,1,0,3,1,1,0,1,0,0
com.conduit.app_adb56bdfcd0e4d18a61ee44246a4e966.app,0,2,31,5,0,5,0,73,0,0,0,0,0,0
cc.almahdi.bahraincinema,0,0,0,0,0,0,0,0,0,0,0,0,0,0
govPay.il,0,6,1,1,30,1,0,55,2,0,0,2,0,0
com.fala.socialdata1,0,1,1,0,0,3,0,1,0,1,0,0,0,0
mbc.web.blogbar.es,0,0,0,0,0,0,0,0,0,0,0,0,0,0
com.mtk.pro.android,0,0,0,0,0,0,0,0,0,0,0,0,0,0
com.enginetwork.app.suncycle,0,0,2,2,0,1,0,98,0,1,0,0,0,0
com.dopredu.mobizebra,0,1,8,3,0,1,0,94,1,2,0,1,0,0
com.enterra.android.apps.poker.client,0,0,0,0,0,0,0,0,0,0,0,0,0,0
com.phonegap.rabik_road_builder,0,1,1,2,0,1,0,1,1,2,0,1,0,0
com.phonegap.mlearn,0,4,2,2,0,1,0,13,0,0,0,0,0,0
com.contussupport.appthashopping,0,0,0,0,0,0,0,0,0,0,0,0,0,0
com.thebes.lockforemailfree,0,0,0,0,0,0,0,0,0,0,0,0,0,0
com.pingan.JRManager,0,5,17,6,0,3,0,30,0,0,0,2,0,0
com.haji3,0,0,1,0,0,1,0,80,0,0,0,0,0,0
com.guawoo.guarket,0,1,2,2,0,2,0,97,1,2,0,1,0,0
org.apache.cordova.csvDVVA,0,1,16,2,0,1,0,1,0,0,0,0,0,0
com.webaccess.investment.planet,0,0,1,0,0,0,0,85,0,0,0,0,0,0
com.fivetalent.closingcostcalc,0,6,52,2,0,8,0,64,2,0,0,0,0,0
com.phonegap.chateaudeloire,0,0,1,0,0,1,0,87,0,0,0,0,0,0
com.fire1.infohelp,0,6,2,2,0,1,0,64,2,0,0,0,0,0
ru.gazeta.stavgorod,0,0,57,0,0,0,0,98,0,1,0,0,2,0
com.guidafuorisalone.app,0,1,1,2,0,1,0,94,1,2,0,1,0,0
com.powertools.carshocksensorandroid,0,0,1,3,0,2,0,98,0,1,0,0,0,0
com.mygazines.goingdigital,0,2,2,2,0,3,0,5,2,0,0,2,0,0
com.noe.mifa,0,1,7,2,0,3,0,2,1,1,0,1,0,0
com.quarklabs.mobilgazete,0,0,0,0,0,0,0,0,0,0,0,0,0,0
mha.poc,0,0,0,0,0,0,0,0,0,0,0,0,0,0
com.thebes.lockforsmsfree,0,0,0,0,0,0,0,0,0,0,0,0,0,0
com.iv.tvd,0,0,0,0,0,0,0,0,0,0,0,0,0,0
com.schulthess,0,0,1,1,0,4,0,98,0,1,0,0,0,0
com.popular.quotes,0,0,13,0,0,0,0,2,0,1,0,0,0,0
net.andg.abustamp,0,0,57,1,0,0,0,96,0,1,0,0,0,0
com.menz.weisheiten,0,4,4,2,0,1,0,94,1,2,0,1,0,0
com.momzclub.mommyhelpdesk,0,1,2,2,0,8,0,64,2,0,0,0,0,0
com.carel.exvselection,0,0,1,2,0,0,0,87,0,0,0,0,0,0
com.plate.report,0,1,1,1,0,1,0,87,0,0,0,0,0,0
com.audero.free.quiz.sscnapoli,0,0,1,1,0,0,0,87,0,0,0,0,0,0
it.rbsoft.dica,0,1,1,2,0,2,0,5,1,1,0,1,0,0
com.NewCreations.TShirtPhoto,0,1,1,2,0,1,0,94,1,2,0,1,0,0
com.wheremydogsat.WhereMyDogsAt,0,2,8,1,0,2,0,98,0,1,0,0,0,0
com.troopla.beta,0,1,4,7,0,8,0,64,2,0,0,0,0,0
com.miraclemill.yatzyonline,0,0,2,0,0,0,0,11,0,0,0,1,0,0
com.thebes.autowifiofffree,0,0,0,0,0,0,0,0,0,0,0,0,0,0
nl.brightin.nikonspots,0,1,2,2,0,3,0,94,1,2,0,1,0,0
au.com.otilas.CallaughanPartnersITR,0,0,45,1,0,4,0,90,0,0,0,0,0,0
za.co.activist.elabel,0,0,0,0,0,0,0,0,0,0,0,0,0,0
com.teadroid.phonegap.android.decipher,0,0,1,0,0,0,0,87,0,0,0,0,0,0
com.tiichme.toddler,0,6,4,2,0,8,0,3,2,0,0,0,0,0
com.hexagon3d.mychinese,0,1,63,2,0,1,0,94,1,2,0,1,0,0
com.dsharpdiabetes.androidapp,0,6,1,2,0,8,0,63,2,0,0,0,0,0
com.phonegap.protestepostos,0,6,50,4,0,8,0,64,2,0,0,0,0,0
com.trinks.m,0,1,63,2,0,1,0,94,1,2,0,1,0,0
at.gofg.sportscomputer,0,0,1,1,0,1,0,98,0,1,0,0,0,0
com.casanovarentacar.casanovarentacar,0,1,63,2,0,1,0,94,1,2,0,1,0,0
com.caesarslabs.androidvenezuelareader,0,0,1,0,0,0,0,87,0,0,0,0,0,0
com.root.LaSerenas,0,1,53,2,0,2,0,97,1,2,0,1,0,0
com.cartwill,0,0,59,0,0,1,0,87,0,0,0,0,0,0
nl.apekool.app,0,4,7,4,0,8,0,46,0,0,0,0,0,0
nl.wildsea.swingingroningen,0,1,1,2,0,2,0,1,1,2,0,1,0,0
com.machiapps.bvifree,0,0,1,0,0,0,0,95,0,0,0,0,0,0
com.adnarim.wavemap,0,5,2,2,0,8,0,56,2,0,0,0,0,0
com.mfma.iKal,0,0,0,0,0,0,0,0,0,0,0,0,0,0
com.funvoltage.Chitragupta,0,1,8,2,0,1,0,1,1,1,0,1,0,0
app.lukkin.com,0,6,2,6,0,9,0,12,1,2,0,1,0,0
com.root.altone,0,0,1,0,0,0,0,3,0,0,0,0,0,0
com.easybill.mobile,0,1,16,2,0,1,0,84,1,1,0,1,0,0
com.twofordeals,0,3,1,1,0,1,0,84,1,1,0,1,0,0
com.lordareon.mackapp,0,1,63,2,0,1,0,94,1,2,0,1,0,0
com.surgevelocityonline.gotanning,0,1,3,8,0,1,0,94,1,2,0,1,0,0
com.kickscout,0,1,58,2,0,1,0,94,1,2,0,1,0,0
com.fold1.eulumdat.SLA,0,0,1,2,0,1,0,95,0,0,0,0,0,0
com.phonegap.sfmobile,0,4,1,3,0,8,0,44,0,0,0,0,0,0
com.berzerk.winterfestival,0,0,10,2,0,4,0,101,0,1,0,0,0,0
ch.creisi.cp_slidingpuzzle,0,1,63,2,0,1,0,94,1,2,0,1,0,0
com.ptsinnovations.syd,0,0,57,1,0,0,0,98,0,1,0,0,0,0
com.cobaltsign.readysetholiday,0,0,15,0,0,0,0,87,0,0,0,0,0,0
com.glancescounter.riccardofilippone,0,6,70,2,0,1,0,54,2,0,0,2,0,0
com.outfit7.talkingtom2free,0,0,0,0,0,0,0,0,0,0,0,0,0,0
com.leo.basketballscoreboard,0,0,1,1,0,0,0,87,0,0,0,0,0,0
com.lwl.portal,0,0,57,2,0,11,0,98,0,1,0,2,0,0
com.seanja.greenbinweekfree,0,0,0,0,0,0,0,0,0,0,0,0,0,0
com.cuttleworks.stages,0,0,2,1,0,3,0,34,0,1,0,0,0,0
info.polso.WhenShouldIWakeUp,0,0,47,0,0,0,0,87,0,0,0,0,0,0
com.splendidcrm.android9,0,0,3,0,0,0,0,98,0,1,0,1,0,0
info.zonglovani.mobile.app,0,0,1,0,0,0,0,0,0,0,0,0,0,0
com.visitanyplace.carretera,0,0,0,0,0,0,0,0,0,0,0,0,0,0
br.com.alcoolougasolina,0,1,3,1,0,1,0,94,1,2,0,1,0,0
ch.mitinnovation.apps.tierpark,0,0,1,0,0,7,0,8,0,0,0,0,0,0
ingenium.mygymmit,0,1,1,1,0,1,0,1,1,9,0,1,0,0
rg.TerpTimer,0,4,1,4,0,8,0,52,2,0,0,0,0,0
com.chrisallenlane.presentationtimerpro,0,0,1,3,0,0,0,95,0,0,0,0,0,0
com.sweetsugar.computertricksfree,0,0,0,0,0,0,0,0,0,0,0,0,0,0
com.patquoi.MotissimoDuo,0,0,36,0,0,0,0,80,0,0,0,0,0,0
com.swap.messenger,0,0,0,0,0,0,0,0,0,0,0,0,0,0
uk.co.dialacab.app,0,1,82,6,0,2,0,117,1,1,0,1,0,0
com.cloudmanic.skyclerk,0,0,0,0,0,0,0,0,0,0,0,0,0,0
com.thebes.lovecalculatorfree,0,0,0,0,0,0,0,0,0,0,0,0,0,0
com.phonegap.TTS,0,1,1,2,0,10,0,3,1,1,0,1,0,0
com.iopensoft.swappbee,0,4,1,4,0,3,0,8,3,1,0,0,0,0
com.unitedcheerleading.python,0,1,1,2,0,1,0,94,1,2,0,1,0,0
com.frontera.puntaarenas2,0,1,3,2,0,1,0,94,1,2,0,1,0,0
ch.himsa.SwissportailMobile,0,4,2,3,0,3,0,5,0,0,0,0,0,0
com.jagap.pwa,0,0,47,0,0,0,0,87,0,0,0,0,0,0
com.phonegap.discount,0,0,1,0,0,0,0,0,0,0,0,0,0,0
com.WATS.mentalhealth,0,1,10,2,0,1,0,87,0,0,0,0,0,0
com.giubileocreations.smashgridfree,0,1,3,2,0,1,0,3,1,2,0,1,0,0
com.Kuesty,0,3,52,2,0,8,0,64,2,0,0,0,0,0
it.visiant.farmacia.turno,0,0,2,1,0,2,0,95,0,0,0,0,0,0
com.judge.mobility.mv7_android,0,8,3,1,0,1,0,87,0,0,0,0,0,0
com.pac.appmovil,0,1,1,2,0,2,0,3,1,1,0,1,0,0
com.sweetsugar.mobilenumbertraker,0,0,0,0,0,0,0,0,0,0,0,0,0,0
com.fivetalent.closingcostcalc.titleone,0,6,52,2,0,8,0,64,2,0,0,0,0,0
sharksfrenzy.mobile,0,6,2,2,0,1,0,2,2,0,0,0,0,0
com.NewBelgium.NBB,0,0,8,2,0,2,0,101,0,1,0,0,0,0
com.rvappstudios.tinyballvsevildevil2,0,0,0,0,0,0,0,0,0,0,0,0,0,0
com.salman.sql,0,0,1,0,0,0,0,0,0,0,0,0,0,0
org.deepdev.smartpoker,0,0,4,1,0,4,0,90,0,0,0,0,0,0
com.it_information_technologies.itimecontroller,0,1,63,2,0,1,0,94,1,2,0,1,0,0
com.java.offline.ads,0,0,1,0,0,0,0,1,0,0,0,0,0,0
com.funforfones.android.dcmetro,0,0,1,2,0,3,0,2,0,0,0,1,0,0
com.phonegap.threelochsway,0,0,1,0,0,1,0,98,0,1,0,0,0,0
com.icode.labandeson,0,6,8,2,0,8,0,2,2,0,0,0,0,0
com.fala.tornado01,0,1,1,0,0,3,0,1,0,1,0,0,0,0
com.droid8puzzle,0,0,0,0,0,0,0,0,0,0,0,0,0,0
com.phonegap.music.waste,0,4,4,4,0,8,0,46,0,0,0,0,0,0
com.fliptopbox.syncslate,0,4,1,2,0,8,0,1,0,0,0,0,0,0
com.thewordsearch.free,0,2,1,2,0,8,0,61,2,0,0,0,0,0
qbitdev.games.colorsOut,0,4,1,4,0,8,0,46,0,0,0,0,0,0
com.yachtsandyachting.offliner,0,0,1,17,0,0,0,87,0,0,0,0,0,0
be.gents.visitbruges,0,3,57,1,0,2,0,98,0,1,0,0,0,0
com.roamdata.player.android.threex.switchpay,0,0,0,0,0,0,0,0,0,0,0,0,0,0
com.beepkeeper,0,3,16,46,0,0,0,88,0,1,0,2,0,0
com.aw.AteneoWeb,0,0,0,0,0,0,0,0,0,0,0,0,0,0
com.signifo.WebExpenses,0,0,0,0,0,0,0,0,0,0,0,0,0,0
com.corevision.at,0,0,1,2,0,0,0,95,0,0,0,0,2,0
com.harpLabs.SharApp,0,16,8,3,0,3,0,4,1,1,0,0,0,0
com.rochala.flagquiz,0,0,16,8,0,0,0,1,0,1,0,0,0,0
com.king.activity,0,0,57,1,0,0,0,96,0,1,0,0,0,0
com.changemob.mobile,0,6,7,2,0,8,0,64,2,0,0,0,0,0
com.opuz.mobile,0,6,6,4,0,1,0,6,1,2,0,1,0,0
com.soffia.stafrofid,0,1,7,2,0,1,0,64,2,0,0,0,0,0
com.iv.thebeatles,0,0,0,0,0,0,0,0,0,0,0,0,0,0
com.openroad.openroadheart,0,1,8,2,0,1,0,96,0,1,0,0,0,0
com.cuinetes.events,0,1,3,2,0,1,0,94,1,2,0,1,0,0
com.anders.clrpickr,0,4,3,4,0,8,0,64,2,0,0,0,0,0
com.poll,0,0,0,0,0,0,0,0,0,0,0,0,0,0
com.phonegap.mijnserie,0,3,1,43,0,4,0,90,0,0,0,0,0,0
com.musclebrainfree.phonegap,0,1,1,2,0,1,0,5,1,2,0,1,0,0
com.flyacts.robidogapp,0,2,57,0,0,2,0,98,0,1,0,2,0,0
com.lsl.crocosoftwares,0,1,1,2,0,2,0,1,2,1,0,0,0,0
com.agrisoft.geokuliner,0,1,4,2,0,2,0,5,0,0,0,0,0,0
com.cmontillar.picstatistics,0,0,0,0,0,0,0,0,0,0,0,0,0,0
com.cor.news.feedhammer,0,1,8,2,0,1,0,5,1,1,0,1,0,0
no.wfx.godtur,0,1,96,2,0,2,0,14,1,1,0,1,0,0
org.apache.cordova.worte,0,1,1,2,0,1,0,87,0,0,0,0,0,0
com.phonegap.whojew,0,0,2,0,0,0,0,87,0,0,0,0,0,0
pl.slaszu.myfuel,0,1,5,2,0,1,0,1,1,2,0,1,0,0
com.nighthawkapps.hwc,0,0,1,0,0,0,0,87,0,0,0,0,0,0
com.thebes.lockforgalleryfree,0,0,0,0,0,0,0,0,0,0,0,0,0,0
com.nitobi.nfb,0,0,0,0,0,0,0,0,0,0,0,0,0,0
com.goodworldgames.charades,0,0,3,4,0,4,0,101,2,1,0,1,0,0
com.zotmedia.plober,0,1,1,2,0,1,0,2,1,2,0,1,0,0
com.rodrigocruz.rentastar,0,0,1,26,0,4,0,87,0,0,0,1,0,0
org.teamworks,0,0,1,2,0,0,0,87,0,0,0,0,0,0
com.spanning.auditlog,0,1,8,1,0,1,0,98,0,2,0,1,0,0
com.cobragolf.fitnfly,0,0,1,0,0,0,0,1,0,1,0,1,0,0
com.GJHDigital.nashvilledrive1,0,1,2,1,0,1,0,94,1,1,0,1,0,0
com.nhcunningham.thewildcat,0,0,1,0,0,0,0,87,0,0,0,0,0,0
org.nussl.NusExtraDiscountCompanionApp,0,0,53,2,0,13,0,95,0,0,0,2,0,0
com.mysticwarriors,0,1,8,2,0,1,0,13,1,2,0,1,0,0
com.ibm.msm.android,0,0,10,6,0,0,0,98,0,1,0,1,0,0
com.zipcodes.zipcodetools,0,4,8,1,0,2,0,46,1,2,0,1,0,0
org.meshtek.movieshangman,0,4,1,3,0,8,0,2,0,0,0,0,0,0
org.cpf.app,0,1,12,2,0,1,0,94,1,2,0,1,0,0
com.bluestratus.britishquiz,0,6,1,5,30,1,0,87,2,0,0,2,0,0
com.cywheel.phoenixtarot_pro,0,0,1,2,0,0,0,87,0,0,0,0,0,0
org.andreafortuna.yattrssc,0,1,1,2,0,1,0,5,1,2,0,1,0,0
com.checkthecrowd,0,0,0,0,0,0,0,0,0,0,0,0,0,0
com.winenews,0,0,1,0,0,0,0,87,0,0,0,0,0,0
id.co.agrisoft.romadonapp,0,0,1,0,0,2,0,87,0,0,0,0,0,0
fi.panemerkille.app.android,0,0,1,0,0,1,0,3,0,0,0,0,0,0
com.memoplay.app,0,6,57,1,0,0,0,98,0,1,0,0,0,0
ru.orangeappsgames.reversi,0,6,50,2,0,8,0,64,2,0,0,0,0,0
fr.newquest.charlott,0,1,13,2,0,2,0,94,1,2,0,1,0,0
com.kulinertasik.app,0,0,0,0,0,0,0,0,0,0,0,0,0,0
com.appsbuilder415134,0,0,0,0,0,0,0,0,0,0,0,0,0,0
com.fpmweb.festamajor,0,1,7,2,0,2,0,95,1,2,0,1,0,0
com.phonegap.LibraryAnywhere,0,0,1,5,0,2,0,96,0,1,0,0,0,0
pl.phonegap.first,0,0,57,0,0,0,0,98,0,1,0,0,0,0
com.game4word4free,0,1,8,2,0,1,0,9,1,2,0,1,0,0
com.application.masterwhip,0,6,1,2,0,8,0,9,2,0,0,0,0,0
com.anders.sysbull,0,6,46,2,0,8,0,64,2,0,0,0,0,0
com.fight.trainer,0,0,57,0,0,0,0,98,0,1,0,0,0,0
com.padimastechsol.AF4U,0,1,21,2,0,1,0,3,1,2,0,1,2,0
com.giscloud.mdc,0,1,16,3,0,5,0,5,2,3,0,1,0,0
mx.elsiglo.torreon,0,1,58,2,0,1,0,94,1,2,0,1,2,0
com.tiichme.words,0,0,4,0,0,0,0,3,0,0,0,1,0,0
nl.elizawashere.app,0,7,4,3,0,1,0,97,1,3,0,1,1,0
whitegoblingames.rattus,0,0,1,0,0,0,0,87,0,0,0,0,0,0
com.studioquipo.dietwatch,0,0,45,0,0,4,0,90,0,0,0,0,0,0
com.cittaininternet.palazzodelleesposizioni,0,1,4,2,0,1,0,2,1,2,0,1,0,0
com.adl.ifest,0,4,1,3,0,8,0,1,2,0,0,0,0,0
com.sanebiometrics.detpix,0,1,8,2,0,1,0,94,1,2,0,1,0,0
iPic.nu,0,4,8,2,0,8,0,2,2,0,0,0,0,0
tbg.app,0,0,52,0,0,4,0,90,0,0,0,0,2,0
com.szappatini.guidabenessere,0,0,1,0,0,0,0,98,0,1,0,2,0,0
com.frondiz.Bugify,0,0,14,2,0,3,0,32,0,0,0,2,0,0
com.sweetsugar.fingerscanningwhatsapplock,0,0,0,0,0,0,0,0,0,0,0,0,0,0
com.bkam,0,1,8,1,0,1,0,94,1,2,0,2,0,0
au.com.mobilite,0,3,3,2,0,2,0,5,1,2,0,1,0,0
com.luigipicaro.ztlnapoli,0,0,16,12,0,2,0,77,0,0,0,0,0,0
com.sabre.tripcase.android,0,0,4,3,0,1,0,3,0,1,0,0,0,0
com.hartoingenio.nestle,0,6,2,2,0,3,0,5,2,0,0,2,0,0
com.ferras.reth,0,6,1,2,30,1,0,55,2,0,0,2,0,0
com.emlakjet.emlak.app,0,1,1,3,0,1,0,94,1,2,0,1,0,0
com.fala.launched2,0,1,1,0,0,3,0,1,0,1,0,0,0,0
hu.alchimedia.Hangman,0,0,57,5,0,0,0,98,0,1,0,1,0,0
com.tesi.mobinet,0,4,1,2,0,7,0,20,1,2,0,1,0,0
com.robertocaiazzo.wikipediadidyouknowInglese,0,0,1,0,0,0,0,96,0,1,0,1,0,0
com.cittaininternet.scuderiedelquirinale,0,0,16,0,0,1,0,2,0,1,0,0,0,0
info.lolfind.keys.office,0,1,63,2,0,1,0,94,1,2,0,1,0,0
com.claudanscorner.pinupfree,0,4,5,4,0,8,0,1,0,0,0,0,0,0
uk.co.tall_paul.jnag,0,4,1,3,0,8,0,46,0,0,0,0,0,0
com.hathix.android.chevre,0,1,1,2,0,1,0,3,1,2,0,1,0,0
it.jermann.Jermann,0,1,52,1,0,5,0,101,1,1,0,0,0,0
com.caesarslabs.hayuncamino,0,1,1,2,0,1,0,3,1,2,0,1,0,0
org.appreclama.reclama,0,0,1,8,0,0,0,98,0,1,0,0,0,0
com.sportkamasutra.lite,0,0,2,0,0,0,0,87,0,0,0,0,0,0
com.hypercalc.webhostingcalculator,0,0,1,0,0,0,0,3,0,0,0,0,0,0
com.happyhourusa.mobile,0,3,34,2,0,1,0,15,0,0,0,0,0,0
com.gartic.buracoon,0,1,2,1,0,1,0,2,1,2,0,1,0,0
com.thebes.liedetector,0,0,0,0,0,0,0,0,0,0,0,0,0,0
com.sysnetik.FIASched12,0,6,1,2,0,8,0,64,2,0,0,2,0,0
com.dotslot.trapaniup,0,1,1,2,0,1,0,1,1,2,0,1,0,0
com.thebes.flashlightfree,0,0,0,0,0,0,0,0,0,0,0,0,0,0
net.Hurl.Client,0,0,13,1,0,2,0,2,0,0,0,1,0,0
com.szappatini.timber.musicviewer,0,1,1,1,0,0,0,2,0,1,0,0,0,0
com.spletart.tour,0,0,1,0,0,4,0,2,0,0,0,0,0,0
com.loyaltymatch.rewardingyourself,0,4,1,1,0,2,0,54,2,0,0,0,0,0
com.smartpostmobile,0,0,0,0,0,0,0,0,0,0,0,0,0,0
com.digital.standard,0,0,57,0,0,0,0,96,0,1,0,1,0,0
com.powertools.catcarefree,0,1,1,2,0,1,0,5,1,2,0,1,0,0
com.atanasovski.soccer.highlights,0,0,2,0,0,0,0,1,0,0,0,0,0,0
com.weinor.weinor_service_en,0,1,6,2,0,1,0,2,1,1,0,1,0,0
sportstables.com,0,1,1,2,0,1,0,94,1,2,0,1,0,0
com.phonegap.tip,0,2,1,2,0,1,0,12,2,0,0,0,0,0
com.ugliapps.iheartfruits,0,0,3,0,0,0,0,74,0,0,0,0,0,0
sunnyappz.thesecretquotes,0,0,8,0,0,0,0,98,0,1,0,0,0,0
com.trackeat.mobile,0,0,8,0,0,0,0,1,0,1,0,0,0,0
