apk_name,battery-status,camera,contacts,device,dialogs,file,geolocation,globalization,inappbrowser,media,media-capture,network-information,splashscreen,statusbar,vibration
com.pr.ojectblue.dothis,13,33,41,7,2,5,8,0,0,1,2,5,0,0,0
com.indiageeks.apk,13,9,75,1,13,1,1,1,0,94,1,5,1,0,0
com.koimoi.android,13,8,75,4,2,8,1,1,0,94,1,11,1,0,0
com.activitylabs.bankbluffer,13,6,78,8,1,7,4,0,0,98,0,1,0,0,0
com.cooperbussmann.faultcurrentcalculator,13,9,75,3,2,8,1,1,0,94,1,11,1,0,0
biz.raitco.fastdeals,10,9,75,1,2,8,1,1,0,3,1,2,1,0,0
com.drawroulette,13,6,74,2,1,7,1,0,0,87,0,4,0,0,0
com.axeuk.android.bump,13,33,41,52,2,5,8,0,0,1,2,5,0,0,0
com.peoplecall.nubefone,13,9,54,14,9,8,1,1,0,94,1,3,2,0,0
com.untappdllc.app,13,9,75,2,2,8,1,1,0,94,1,11,1,2,0
com.mkhuda.sangpenemu,13,6,74,16,1,4,0,0,0,1,0,4,0,0,0
com.tonnguyen.mega,12,5,47,1,0,7,0,0,0,88,0,5,0,0,0
com.onlinebrokerrev.android,13,33,41,1,2,5,8,0,0,64,2,5,0,0,0
com.fsch.truthordare,13,2,75,8,2,8,1,1,0,1,1,3,1,0,0
nl.addnoise.wykelshallum,13,6,74,1,0,8,0,0,0,98,0,10,1,0,0
simple.periodictable,13,6,74,1,0,7,0,0,0,95,0,6,0,0,0
com.marcucio.getitdone,12,0,20,104,2,4,0,0,0,34,0,36,0,0,0
be.tweedehands.m,13,6,74,57,0,7,0,1,0,98,0,10,0,0,0
at.sosme.app,0,25,36,1,2,5,8,0,0,56,2,5,0,0,0
com.tossapp3,13,9,68,8,3,8,1,1,0,2,1,5,1,0,0
com.solidapps.geoquiz,13,5,78,45,5,7,4,0,0,90,0,4,0,0,0
uk.co.creo.cookingforstudents,0,25,41,1,2,5,2,0,0,2,2,1,0,0,0
com.kiwixi.com,13,8,75,58,2,8,1,1,0,94,1,11,1,0,0
de.tursics.nameyourbabe,13,9,75,7,2,8,1,1,0,94,1,11,1,0,0
uc.co.liveglutenfree,13,5,74,2,0,7,3,0,0,5,0,4,0,0,0
com.jmstechsys.culturalcorridor,13,11,68,5,1,8,1,1,0,94,1,4,2,0,0
net.clasificadosnet.android,13,6,74,1,1,7,0,0,0,87,0,4,0,0,0
com.giuseppesoft.giupcartelera,13,6,74,1,0,7,0,0,0,87,0,4,0,0,0
com.ppbg.Pcb,13,8,75,2,2,8,1,1,0,94,1,11,1,0,0
com.realitybridges.zombietag.challenge,13,7,66,1,2,8,1,0,0,1,0,2,0,0,0
DeliciousXiamen,13,12,74,96,0,7,2,0,0,14,0,1,0,0,0
com.tarun.hanumanchalisa,0,0,0,0,0,0,0,0,0,0,0,0,0,0,0
com.fracturedvisionmedia.absinthe,13,7,74,1,0,8,0,0,0,3,0,10,0,0,0
com.flyacts.typo3campberlin,13,6,74,57,2,8,0,0,0,98,0,10,2,0,0
de.trinimon.calculator,0,17,37,1,2,5,8,0,0,52,2,0,0,0,0
com.twidaq.pglite,13,6,74,4,1,7,0,0,0,87,0,4,0,0,0
com.urucas.tmusica,13,8,75,2,2,8,1,1,0,7,1,11,1,2,0
ru.wyeg.instatag,13,8,75,20,2,8,1,1,0,94,1,3,1,0,0
com.priceitgame,13,7,74,8,2,7,4,0,0,98,0,5,1,0,0
nl.x_services.buildmeister,13,9,75,1,1,8,1,1,0,94,1,11,1,0,0
com.schuitemaker.k1ckstart3r,13,9,75,14,1,8,1,1,0,94,1,3,1,0,0
fm.superplayer.jukebot,13,9,75,63,2,8,1,1,0,94,1,11,1,2,0
com.elvito.radio.waves,13,6,74,59,0,7,0,0,0,87,0,4,0,0,0
com.jmstech.mychildswords,13,9,68,8,2,8,1,1,0,2,1,10,1,0,0
com.oppositecoast.www.mwm,13,9,75,6,4,8,1,1,0,94,1,10,1,0,0
my.boletus.demo,13,9,68,8,4,8,4,1,0,5,1,7,1,0,0
com.ohmztech.classaction,13,8,75,8,2,8,1,1,0,94,1,6,1,0,0
com.SlateStudio.HelloHarto,12,2,23,1,6,2,1,1,0,10,1,2,1,0,0
com.phoneprojects.angrychicks,13,9,75,58,2,8,1,1,0,94,1,11,1,0,0
com.dasque,13,9,75,8,2,8,1,1,0,3,1,11,1,0,0
com.testsstore.app,12,19,19,1,4,5,8,0,0,59,2,16,0,0,0
com.takeweather,13,14,74,14,3,4,1,0,0,2,0,2,0,0,0
dan.seekr,13,9,68,8,1,8,1,1,0,94,1,3,1,0,0
air.com.KickstandTech.MotorcycleWeather,13,9,75,2,2,8,2,1,0,94,1,11,1,0,0
com.openargs,13,33,41,50,2,5,8,0,0,64,2,5,0,5,0
com.phonegap.intown,13,33,41,52,2,5,8,0,0,63,2,5,0,0,0
com.mkhuda.ilmuaislam,13,6,74,16,1,7,1,0,0,1,0,4,0,0,0
com.onlinerepublic.AirportCarRental,12,8,48,1,2,7,1,1,0,84,1,6,1,0,0
org.techdoc,13,33,41,1,2,5,3,0,0,5,2,5,0,0,0
de.jameda.android.arztsuche,13,9,80,58,2,8,2,1,0,97,1,6,1,0,0
de.rsp24.schloebe,13,6,74,55,0,7,0,0,0,87,0,4,0,0,0
com.nutreek.bbroy,13,7,74,57,0,8,0,0,0,96,0,10,0,0,0
no.android.learnerspracticetest,13,33,41,1,2,5,8,0,0,2,2,5,0,0,0
artiic.euroTweets2012,13,6,74,13,0,7,0,0,0,2,0,4,0,0,0
com.sofar.mesgouts,13,6,74,59,0,7,0,0,0,87,0,4,0,0,0
russh.toddler.carsabcnumbers,13,9,75,3,2,8,1,1,0,4,1,11,1,0,0
com.iChemLabs.ChemDoodleMobile,13,8,75,2,19,8,1,1,0,3,1,10,1,0,0
de.kashban.android.kakerlake,13,6,74,58,1,7,0,0,0,95,0,6,0,0,0
com.greenbuildingapp.gba,13,9,75,23,2,8,5,1,0,8,1,11,1,0,0
net.klier.blutdruck,13,9,75,4,1,7,1,1,0,94,1,11,1,0,0
com.critalsoft.eazywallet,13,9,75,2,2,1,1,1,0,2,1,11,1,0,0
org.dinamisglobe.mobileapp,13,10,74,1,3,1,1,0,0,87,0,4,0,0,0
com.phonegap.mobmarket,13,28,36,7,2,5,1,0,0,63,2,5,0,0,0
com.phonegap.clearpoint,13,8,75,1,1,8,1,1,0,94,1,10,1,0,0
com.mobileteck.lovevoucher,3,9,75,8,2,8,2,1,0,3,1,4,1,0,0
com.infocus.vionnow,13,6,74,1,0,1,0,0,0,1,0,4,0,0,0
korean.fashion.molinomobile,13,5,74,47,0,7,0,0,0,87,0,4,0,0,0
org.UniApp.UoR,13,33,41,1,2,5,8,0,0,64,2,5,0,0,0
com.amoedo.calculadora,13,9,75,1,2,8,1,1,0,3,1,11,1,0,0
com.Play2Learn.PhoneGap,13,11,78,2,1,7,4,0,0,1,2,5,1,0,0
com.ignite.adscal,13,33,41,50,2,5,8,0,0,64,2,5,0,0,0
com.dadadish.Matriwish,13,7,79,53,1,7,4,0,0,90,1,5,0,0,0
com.twist.android,13,10,55,1,15,8,3,1,0,94,1,14,1,0,0
com.tuliorocha,13,9,68,8,2,8,1,1,0,3,1,3,1,0,0
us.broadleaf.mobile.android.mt.play,13,8,75,58,2,8,1,1,0,94,1,11,1,0,0
kz.ps.app,13,9,75,4,2,8,1,1,0,94,1,10,1,0,0
com.iv.perfectchristianquotes,0,0,0,0,0,0,0,0,0,0,0,0,0,0,0
com.pixeldolphingame.tapandfield,13,6,74,55,0,7,0,0,0,1,0,4,0,0,0
com.yoyo.lgc.android,13,8,75,4,2,8,1,1,0,94,1,11,1,0,0
br.com.rommel.point,13,33,41,50,2,5,8,0,0,64,2,5,0,5,0
ca.cultureplex.drglearning,13,6,74,11,1,7,2,0,0,5,0,4,0,0,0
sworkitapp.sworkit.com,13,6,74,1,1,7,0,0,0,98,0,10,0,0,0
au.edu.swsi.tafeswsi,13,7,75,8,2,7,7,0,0,1,0,2,1,0,0
br.com.tippz,13,16,75,2,2,2,1,1,0,94,1,5,1,0,0
com.sourcefuse.foodietogo,13,6,74,7,0,8,2,0,0,1,0,5,1,0,0
br.com.petrim.supercalculadora,13,9,75,1,2,8,1,1,0,1,1,11,1,0,0
com.audero.free.utility.currencyconverter,13,6,74,1,4,8,0,3,0,98,0,10,0,0,0
com.aitrich.roadrescue,13,6,74,57,0,7,0,0,0,98,0,10,0,0,0
com.telerik.RCI___HobbykingApp,0,0,0,0,0,0,0,0,0,0,0,0,0,0,0
com.wooinvi.xoso,13,8,75,8,9,8,1,1,0,2,1,11,1,0,0
com.cittaininternet.spelloturismo,13,8,75,4,2,8,1,1,0,2,1,3,1,0,0
com.netscribe.BuildACareer,0,17,41,1,1,5,5,0,0,4,2,1,0,4,0
com.cywheel.IDoubtIt_en,13,6,74,1,1,7,0,0,0,2,0,4,0,0,0
com.sinaapp.SAEtt4s,16,29,30,1,2,5,1,0,0,2,2,13,2,0,0
com.myapartmentmap.MyApartmentMap,13,5,74,47,0,7,0,0,0,87,0,4,0,0,0
com.programmerworld.HRInterviewQuestionsLite,13,6,74,55,1,7,3,0,0,87,0,4,0,0,0
nl.nn.kijkoppensioen,12,7,48,34,8,13,1,1,0,88,1,11,1,0,0
com.feudfraudINT,13,5,74,47,0,7,0,0,0,87,0,4,0,0,0
com.close2u,13,8,75,58,2,8,1,1,0,94,1,11,1,0,0
com.Verbier,13,6,74,1,1,4,1,0,0,98,1,2,0,0,0
ch.creisi.cppairsfree,13,7,74,1,1,1,0,0,0,96,0,10,1,0,0
com.runemartin.bartebuss,13,33,41,1,2,5,2,0,0,64,2,5,2,0,0
de.krug.eartastic,13,9,75,63,2,8,1,1,0,94,1,11,1,0,0
com.DTWTech.WebCodeApp,13,6,74,57,2,7,0,1,0,98,0,10,1,0,0
com.ouadbanyoussef.ipastcontact,13,6,74,1,3,7,0,0,0,87,0,4,0,2,0
it.mobimentum.aragnozzles,13,9,75,1,1,8,1,1,0,3,1,11,1,0,0
iclicker.riccardofilippone,13,33,41,4,3,5,8,0,0,3,2,5,0,0,0
sa.edu.ksu.Ayat,13,6,74,1,0,8,0,0,0,3,0,10,0,0,0
com.mathopen.androidmath,13,33,41,52,2,5,8,0,0,17,2,5,0,0,0
com.softrole.bstales,13,9,75,7,2,8,1,1,0,94,1,11,1,0,0
com.beelinkapp.Beelink,12,0,25,15,2,4,0,0,0,32,0,6,4,0,0
com.bippesbrandao.phonegap.rechenknecht,13,33,41,50,2,5,8,0,0,64,2,5,0,0,0
de.applikationswerk.hannoverguide,13,5,74,44,0,7,2,0,0,87,0,4,4,0,0
org.councilroad.mychurch,13,33,41,52,2,5,8,0,0,64,2,5,0,0,0
com.iopensoft.pronto,13,9,75,5,3,8,1,1,0,3,1,5,1,0,0
de.stanwood.onair.phonegap,13,7,74,2,6,8,0,1,0,96,0,10,0,2,0
com.hiddenobjectdogs,13,9,75,8,2,8,1,1,0,11,1,3,1,0,0
com.fieldateam.coach,12,7,48,2,2,7,1,1,0,84,1,6,1,0,0
com.mestre.solidale,0,0,0,0,0,0,0,0,0,0,0,0,0,0,0
com.keranmckenzie.oandx,13,8,75,21,2,8,1,1,0,94,1,11,1,0,0
com.yousaid.what,13,14,75,16,1,8,1,1,0,1,1,11,1,2,0
com.laformula1.android,13,6,74,1,12,3,1,0,0,3,0,4,0,0,0
com.tiggzi.project54500,13,12,75,1,0,8,4,0,0,3,0,10,0,0,0
com.cloudrobots.azfinance,13,6,74,59,0,7,0,0,0,87,0,4,0,0,0
info.i360.amamua,13,6,74,1,6,1,2,0,0,98,0,10,1,0,0
de.n1klas.whereisthesun,0,11,19,16,2,5,11,0,0,49,2,1,0,0,0
br.com.algorich.impostometro,12,7,47,1,0,6,1,0,0,88,0,22,1,0,0
com.parcye.hondcalc,13,4,61,7,2,6,1,0,0,80,0,4,0,0,0
com.audero.free.utility.whereiparkedmycar,13,6,74,1,5,7,2,0,0,87,0,4,0,0,0
com.semarketir.mosquedetector,13,7,74,16,2,8,1,0,0,5,0,10,1,0,0
com.fala.fastmail,13,12,75,1,0,7,3,0,0,1,0,10,0,0,0
org.teusink.droidpapers,13,9,75,1,2,7,1,1,0,3,1,10,1,0,0
com.ilscipio.browseo,12,5,47,17,0,6,0,0,0,85,0,3,0,0,0
org.opencorebanking.martfree,13,2,75,1,2,1,1,1,0,1,1,11,1,0,0
com.keepers.friocerofinal,13,9,75,1,1,8,1,1,0,3,1,11,1,0,0
com.darts_scorer.dartsScorer,13,6,74,1,0,8,0,0,0,98,0,10,0,0,0
org.devgeeks.fourzzzfm,13,33,41,7,5,5,2,0,0,16,2,2,0,0,0
cl.androidapps.metrovalpo,13,33,41,50,2,5,8,0,0,64,2,5,0,0,0
it.bettinglife.mobile.lite,13,6,74,1,0,7,0,0,0,98,0,10,0,0,0
com.app.telkomvision,12,8,48,1,2,7,1,1,0,3,1,6,1,0,0
com.randommunch,13,6,74,57,2,7,1,0,0,98,0,10,0,0,0
org.caou.bouncetothemoon,13,6,74,1,1,7,0,0,0,4,0,4,0,0,0
mobi.tapto.loadr,13,6,74,4,0,7,5,0,0,2,0,6,0,0,0
com.groundroad.salecalc,13,33,41,50,2,5,8,0,0,64,2,5,0,0,0
com.enmerchant.turnchef,13,9,75,8,1,8,1,1,0,3,1,3,1,0,0
com.urnotl.thepositivefactors,13,33,41,1,3,5,8,0,0,64,2,1,0,0,0
com.degenet.reiortiz,13,6,74,1,1,7,0,0,0,1,0,4,0,0,0
it.nowhere.afcoltellerie,13,8,68,8,2,8,1,1,0,94,1,11,1,0,0
com.gamzaz.app,0,15,36,2,11,5,1,0,0,5,2,5,0,0,0
com.eurovisionspain.eurovision_spain,13,9,75,21,6,8,1,1,0,3,1,11,1,0,0
ch.mitinnovation.apps.luegeten,13,3,66,36,1,6,7,0,0,80,0,4,0,0,0
com.labaix.roomheatpowcalc,0,0,0,1,0,0,0,0,0,0,0,0,0,0,0
com.spluhdap.hangmantogo,13,5,74,113,0,8,2,0,0,14,0,1,0,0,0
com.mobilecrud.clickorclash,13,9,68,8,8,8,1,1,0,3,1,6,1,0,0
com.spotamo.app,0,0,0,10,0,0,0,0,0,0,0,1,0,0,0
com.szappatini.timber,13,3,74,1,1,1,0,0,0,1,0,4,1,0,0
com.prolateral.outmailusage,13,7,68,1,2,7,1,0,0,87,0,4,0,0,0
ac.defib.mobile,13,33,41,8,2,5,7,0,0,2,2,5,2,0,0
nl.markdegroot.harenharen,13,9,75,5,2,8,1,1,0,94,1,11,1,0,0
sg.com.safraradio.jia883fm,13,6,74,3,3,7,0,0,0,5,0,1,0,0,0
ch.schwingenonline.android (1),12,8,48,19,2,7,1,1,0,84,1,6,1,0,0
com.senddr.mobile,13,9,75,2,4,8,1,1,0,94,1,10,1,0,0
com.etpio.footwork,13,2,74,1,5,7,8,0,0,87,0,4,0,0,0
com.soffia.thealphabet,13,28,36,7,2,5,1,0,0,64,2,5,0,0,0
com.andygreen.AndyGreen,13,8,75,141,2,8,2,1,0,94,1,10,2,0,0
com.rouxbee.dottodotzoo.free,13,3,66,36,0,6,0,0,0,1,0,4,0,0,0
com.isuagm.suagm,13,6,74,1,1,7,2,0,0,98,0,10,1,0,0
com.phenu.speeker,13,8,75,8,2,8,1,1,0,4,1,6,1,2,0
com.camden.phonegapmega,0,4,37,1,4,5,3,0,0,1,3,1,0,0,0
com.phonegap.bearthdays,13,28,36,8,2,5,2,0,0,2,2,5,0,0,0
com.HangmanCreator,0,5,41,30,4,5,2,0,0,16,2,5,0,0,0
com.opentangerine.ejero.mobile,13,6,74,1,6,7,0,1,0,98,0,3,0,0,0
ntg.fuelstation.finder,13,6,74,1,10,7,1,0,0,87,0,4,0,0,0
de.disupport.GDApp,13,2,41,8,2,4,8,0,0,64,2,4,0,0,0
com.buzzvote.mobileapp,13,8,74,1,0,7,0,0,0,98,0,10,0,0,0
org.guess.that,13,9,75,1,2,8,1,1,0,1,1,11,1,0,0
com.stungeye.winnipegnews,13,3,66,1,0,6,0,0,0,80,0,4,0,0,0
com.ironServices.audioBooks,12,6,47,3,0,1,0,0,0,13,0,5,1,0,0
com.mindtricksdev.mathiq,13,9,75,11,5,8,1,1,0,1,1,11,2,0,0
com.icode.pataterie,13,9,75,58,2,8,1,1,0,94,1,11,1,0,0
com.wizardtykes.phonegap,13,11,78,2,1,7,4,0,0,1,2,5,1,0,0
com.aragon.kairos,0,0,0,1,0,0,0,0,0,1,0,0,0,2,0
com.auctions411.cloudpos,13,7,68,1,1,7,1,0,0,3,0,3,0,0,0
com.mds.applaud,13,33,41,50,4,5,8,0,0,64,2,5,0,0,0
cloud4apps.cBlocker,13,6,74,7,0,7,0,0,0,1,0,6,0,0,0
com.VergeSystems.WebHR,0,0,0,8,0,0,0,0,0,3,0,1,0,0,0
org.voxteneo,13,11,75,1,1,7,4,0,0,87,0,1,0,2,0
com.healthtap.userhtexpress,12,10,44,11,2,6,1,0,0,88,0,2,0,7,0
com.SpaceStationFinder,13,6,74,2,0,7,3,0,0,1,0,4,0,0,0
org.seciconsulting.mrfoggpuglia,13,13,53,1,2,8,2,2,0,3,1,13,1,0,0
com.jazzlebags.assgassfree,13,8,75,58,2,8,1,1,0,94,1,11,1,0,0
com.summit.conduitfilltracker,13,6,74,1,0,7,0,0,0,98,0,10,1,0,0
com.sixstephens.knotster,13,5,74,1,0,7,0,0,0,87,0,4,0,0,0
com.phonegap.mabc,13,6,68,7,2,7,1,0,0,87,0,4,0,0,0
com.guessmypic,13,4,68,27,4,7,1,0,0,1,0,4,0,0,0
com.yip.roll7days,13,8,75,58,2,8,1,1,0,94,1,11,1,0,0
com.sjdm.pip.android,13,8,75,2,2,8,5,1,0,3,1,11,1,0,0
se.svenskchefsforening.nysomchef,13,3,66,36,0,6,0,0,0,80,0,4,0,0,0
us.skyb.skysigns,0,25,41,2,2,5,8,0,0,56,2,5,0,0,0
com.apps.budget,13,9,68,8,1,8,1,1,0,94,1,3,1,0,0
mx.com.tekne.mobile.gotocinema,13,4,67,36,2,6,2,0,0,80,0,4,0,0,0
com.mulvaney.go2012,13,5,78,1,3,1,4,0,0,90,0,4,0,0,0
com.reachtree.profile,3,7,38,2,2,1,2,0,0,98,0,2,1,0,0
com.creativegrid.feltfactoryfree,13,4,41,2,2,5,8,0,0,64,2,5,0,0,0
com.phonegap.unfpa,0,0,0,1,0,0,0,0,0,3,0,0,1,0,0
com.racingsolution.mobileautoscene,13,6,74,1,0,8,0,0,0,3,0,10,0,0,0
com.phonegap.myvidster,13,10,75,3,1,1,3,1,0,24,1,11,1,1,0
com.webprofusion.openchargemap,13,7,75,1,1,7,4,1,0,3,1,6,1,0,0
com.aryaco.mobile,13,6,74,1,0,7,1,0,0,2,0,2,0,0,0
com.pride.lgbt,13,5,66,5,1,6,1,0,0,2,0,2,0,0,0
com.phonegap.bostaden,0,25,41,1,11,5,8,0,0,56,2,3,0,0,0
trackgps.mobilskys.com,0,0,0,0,0,0,0,0,0,0,0,0,0,0,0
com.springmobile.employee,13,8,68,7,3,8,3,1,0,5,1,3,1,0,0
com.skytoplabs.kapeesh,13,6,74,8,0,7,0,0,0,2,0,5,0,0,0
com.appnjoy.sightonme,0,25,41,7,2,5,8,0,0,1,2,5,0,0,0
com.protestai,12,11,48,1,6,7,2,1,0,10,1,9,1,0,0
com.ironServices.fullDictionary,12,6,47,3,0,1,0,0,0,13,0,5,1,0,0
com.shweproperty.mobile,13,8,80,8,2,8,2,1,0,97,1,3,1,0,0
com.richapps.games,12,8,48,8,2,7,1,1,0,87,1,3,4,0,0
uk.co.sireassemblies.newspeyefree,13,9,68,8,2,8,1,1,0,94,1,3,1,0,0
appnjoy.tippyeng,13,33,41,52,2,5,8,0,0,64,2,5,0,0,0
uk.ac.edina.mobile,13,9,75,3,2,2,1,1,0,94,1,5,1,0,0
com.obacht.game,13,9,75,4,2,8,1,1,0,94,1,3,1,0,0
appinventor.ai_p_tuttoilmondo.Fools,13,6,74,1,1,7,0,0,0,95,0,6,0,0,0
pl.desmart.gcb_event,12,17,47,28,9,7,0,0,0,98,0,1,0,0,0
com.battlefit.app,13,2,75,1,7,8,1,1,0,1,1,5,1,0,0
com.shaheeilyas.NakaiyNevi,13,6,74,2,0,7,0,0,0,98,0,2,0,0,0
com.livetrails,13,2,74,1,2,8,4,0,0,1,0,2,0,0,0
com.curbednetwork.eater,13,7,74,1,0,8,1,0,0,96,0,2,1,0,0
lab.chsmedien.mensaapp,13,6,78,29,15,7,1,0,0,98,0,5,0,0,0
com.phonegap.wordart,13,6,74,1,0,7,0,0,0,87,0,4,0,0,0
com.carel.climate,13,5,74,2,21,7,2,0,0,1,0,4,0,0,0
com.kliktrayllc.doctray,0,25,41,4,3,5,8,0,0,56,2,5,0,0,0
com.lasyk.tpdb,13,9,75,1,2,8,1,1,0,3,1,3,1,0,0
br.com.xaveco,13,5,74,47,0,7,0,0,0,87,0,4,0,0,0
mobile.coyote,13,6,78,53,0,7,4,0,0,101,0,5,0,0,0
com.inidfab.srm.priceassist,13,33,41,1,2,5,8,0,0,63,2,1,0,0,0
mx.com.tekne.mobile,13,33,26,6,2,5,2,0,0,19,3,5,0,0,0
de.nak.news,16,32,43,9,2,5,1,1,0,54,2,2,2,0,0
com.basketusa.appandroid,13,9,80,3,2,8,2,1,0,13,1,7,1,0,0
com.refulgenceinc.bluediamond,13,8,75,4,10,8,1,1,0,94,1,11,1,0,0
com.orange.labs.coverscan,13,9,74,57,5,7,0,0,0,98,0,10,1,0,0
nl.app33.vakmedianet.ohnw,13,6,74,58,0,7,4,0,0,95,0,6,1,0,0
com.powertools.AlcLevelFree,13,6,74,8,0,7,0,0,0,1,0,10,0,0,0
com.superurchin.manup,13,6,74,3,2,7,0,0,0,98,0,10,0,0,0
com.root.Dineline,13,7,76,57,2,7,2,1,0,98,1,10,1,0,0
de.werzahltmehr,0,25,41,1,1,5,8,0,0,56,2,1,0,0,0
com.m0rg0t.victorium.book,0,25,41,7,2,5,1,0,0,1,2,5,0,0,0
beep.dhenriquez.cl,13,5,74,47,0,7,0,0,0,87,0,4,0,0,0
com.faber04.ilostmycar,13,9,75,63,2,8,1,1,0,94,1,11,1,0,0
com.botsol.miteam,13,18,74,1,0,7,4,0,0,95,0,6,0,0,0
com.trashnothing.app,13,5,75,10,2,8,3,1,0,3,1,6,1,0,0
org.dossou.app.meteoMoto,13,9,75,1,2,8,1,1,0,94,1,11,1,0,0
com.catode.cities.languagehtml5,0,0,0,0,0,0,0,0,0,0,0,0,0,0,0
com.saj.memory_check,13,6,74,57,2,7,0,0,0,2,0,10,0,0,0
saypu.com,13,7,68,3,1,7,1,0,0,87,0,4,0,0,0
com.collabera.TollFreeNumbers,13,26,43,47,2,5,8,0,0,66,2,6,2,0,0
blacknWhite.CallBlockerTimerWidget,13,6,74,1,1,7,0,0,0,1,0,6,0,0,0
com.labid.varesenews,12,5,47,1,0,6,0,0,0,3,0,5,0,0,0
com.appfilia.android.tresnchapa,13,6,74,57,0,7,0,0,0,98,0,10,0,0,0
com.dietrichs.areacalculator,13,5,78,45,5,7,4,0,0,90,0,4,0,0,0
digitalissimo.it,13,6,74,55,0,7,0,0,0,87,0,4,0,0,0
com.phonegap.fruit_salad,13,6,74,59,0,7,0,0,0,87,0,4,0,0,0
com.stungeye.meowreader,13,33,41,50,2,5,8,0,0,64,2,5,0,0,0
com.faber04.romasposa,0,0,0,1,1,0,0,0,0,0,0,0,0,0,0
KGRSystems.iLearnPad.ryanki1,13,6,74,1,0,7,0,0,0,4,0,4,0,0,0
com.designtailors.Translator,13,6,74,57,0,7,0,0,0,98,0,10,0,0,0
com.inviqa.Rower,13,6,74,1,3,3,0,0,0,1,0,5,0,0,0
com.tip2u.mobile,13,6,74,8,2,7,1,0,0,87,0,4,1,0,0
app.rawi.android,4,6,25,1,5,1,5,1,0,1,3,3,1,0,0
com.webcamscz.map,13,9,75,2,12,1,2,1,0,94,1,10,1,0,0
com.albernamij.numberIllusion,13,33,41,50,2,5,8,0,0,64,2,5,0,0,0
spinach.labor.salary.greencard,13,6,74,1,0,7,0,0,0,87,0,4,0,0,0
com.digipea.mobile,13,7,51,8,2,1,1,0,0,44,0,2,0,0,0
com.bunkerpalace.jazzmachine,13,8,75,2,1,8,1,1,0,94,1,11,1,0,0
com.blinzy.games.luckyfred,0,0,0,0,0,0,0,0,0,0,0,0,0,0,0
be.trendsco.mijntuinwebapp,13,2,74,1,29,7,0,0,0,10,0,6,0,0,0
com.wemotic.underthechristmastreesoundcards,0,25,41,50,2,5,8,0,0,2,2,5,0,0,0
com.nazarene.bobbleheads,0,25,41,50,2,5,8,0,0,56,2,5,0,0,0
com.baliprojects.keutamaantarawih,13,6,74,1,0,7,1,0,0,87,0,1,0,0,0
com.eurofinsoptimed.recrut,13,9,39,1,3,8,1,1,0,3,1,2,1,0,0
com.titechzen.titechzen,13,8,75,1,2,8,1,1,0,94,1,11,1,0,0
edu.aces.smartyards,13,7,74,8,0,8,0,0,0,5,0,10,0,0,0
ch.schwingenonline.android,12,8,48,19,2,7,1,1,0,84,1,6,1,0,0
com.phonegap.foroneday,13,6,74,57,0,7,0,0,0,98,0,10,0,0,0
com.cooperbussmann.fusefinder,13,6,74,2,0,8,1,0,0,98,0,10,0,0,0
net.klier.bmi2free,13,33,41,50,2,5,8,0,0,64,2,5,0,0,0
com.gwtmobile.phonegap,13,28,71,11,20,1,3,0,0,18,3,1,0,0,0
com.kyosuke25.edgejumper,13,9,75,63,11,8,1,1,0,94,1,11,1,0,0
com.ohmztech.hungrypet1,13,8,75,58,2,8,1,1,0,94,1,11,1,0,0
com.dirtylittlecyborg.words.free,13,6,74,8,0,7,0,0,0,26,0,4,0,0,0
com.megatomi.vivienneballaphotography,13,6,74,1,0,7,0,0,0,87,0,4,0,0,0
picshares.PicShares.com,13,9,68,9,3,2,1,1,0,1,1,3,1,0,0
com.doersguild.generalknowledge,13,6,74,57,0,7,0,0,0,98,0,10,1,0,0
de.flyacts.mobilecampdresden,13,6,74,57,2,8,0,0,0,98,0,10,2,0,0
com.kmaru.kmaruApp,13,15,68,1,6,8,1,2,0,2,1,3,1,0,0
com.modalitaprovvisoria.nikitaradiostreamer2,13,8,75,8,2,8,1,0,0,96,0,2,1,0,0
com.uforlife.pixwithme,13,8,75,8,2,8,1,1,0,94,1,6,1,0,0
com.needforwords,13,9,75,8,2,8,1,1,0,5,1,3,1,0,0
com.phonegap.jpksongs,13,33,41,2,2,5,8,0,0,2,2,2,0,0,0
be.trendsco.mygardenapp,13,2,74,1,29,7,0,0,0,1,0,6,0,0,0
com.root.Connex,13,8,77,57,2,7,4,0,0,98,0,10,0,0,0
org.usik.www,13,33,41,13,2,5,8,0,0,2,2,5,0,0,0
com.tftp.app,13,12,70,11,2,8,2,1,0,5,1,11,1,0,0
com.atmosphiral.qlinqs,13,2,74,1,1,1,0,0,0,95,0,1,0,0,0
nl.filmnu.nl,13,7,74,57,1,8,0,0,0,96,0,10,0,0,0
com.geocheckpointing.m,13,7,68,1,2,7,2,0,0,87,0,1,0,0,0
com.knownomy.geographysavvy,13,6,74,1,0,7,0,0,0,2,0,10,0,0,0
com.codejinni.kids_painting,13,6,74,55,0,7,0,0,0,87,0,4,0,0,0
com.dsmn.musicfree,13,8,75,58,2,8,1,1,0,94,1,11,1,0,0
com.blogspot.gayburg.gbapp,13,9,75,8,2,8,1,1,0,94,1,11,1,0,0
org.grexen.findmecoffee,13,8,75,16,2,8,4,1,0,1,1,11,2,0,0
net.klier.dduck,13,33,41,50,2,5,8,0,0,64,2,5,0,0,0
com.inova.svethitrosti,13,9,75,1,2,8,1,1,0,94,1,11,1,0,0
com.findercodes,13,12,118,20,65,10,2,0,0,115,0,5,0,0,0
it.studiogammasnc.timeTracker,13,9,75,2,5,1,5,4,0,94,1,11,1,0,0
com.waio.mcodes.mobilesecretcodes,13,6,74,1,0,7,0,0,0,87,0,4,0,0,0
org.apache.cordova.Voxdox,12,3,48,1,4,7,1,1,0,4,1,5,1,0,0
com.rover.rovertown,13,5,78,8,2,7,1,0,0,90,0,4,0,0,0
com.Kwk,13,9,75,63,2,8,1,1,0,94,1,11,1,0,0
com.greencloud.beepmo,13,7,76,47,0,7,1,0,0,87,0,5,0,0,0
com.ninebysix.flixalert,13,8,75,51,2,8,1,1,0,94,1,11,1,0,0
com.barnabaslegeny.OneClickDiary,12,8,48,3,2,7,1,1,0,84,1,6,1,0,0
com.summit.nema_configuration,13,6,78,1,0,7,4,0,0,90,0,4,0,0,0
com.fwmd.flame,13,9,75,63,2,8,1,1,0,94,1,11,1,0,0
com.conduit.app_0622b56ec5cf49e08b38b3d8faedc4b3.app,12,11,47,31,5,6,5,0,0,120,0,8,0,0,0
com.findmeon.maps,13,6,74,1,0,7,1,0,0,95,0,6,0,0,0
com.rumpus.wtpfree,12,9,21,2,1,4,3,0,0,31,0,2,0,0,0
com.torymcbroom.missingchild,13,5,74,16,1,7,0,0,0,1,0,4,0,0,0
com.icisneros.conversoreuro,0,25,41,50,2,5,8,0,0,56,2,5,0,0,0
com.zabkab.passenger,13,6,118,68,13,10,4,0,0,91,0,4,0,0,0
com.umiqs.ghanabuzz,13,7,26,1,3,5,1,1,0,3,1,2,1,0,0
com.conduit.app_adb56bdfcd0e4d18a61ee44246a4e966.app,12,2,20,31,5,4,5,0,0,73,0,2,0,0,0
govPay.il,16,32,43,1,1,35,1,0,0,55,2,4,2,0,0
com.fala.socialdata1,13,12,75,1,0,7,3,0,0,1,0,10,0,0,0
com.enginetwork.app.suncycle,13,6,74,2,2,8,1,1,0,98,0,10,0,0,0
com.dopredu.mobizebra,13,9,68,8,3,8,1,1,0,94,1,7,1,0,0
com.enterra.android.apps.poker.client,0,0,0,0,0,0,0,0,0,0,0,0,0,0,0
com.phonegap.rabik_road_builder,13,9,75,1,2,8,1,1,0,1,1,11,1,0,0
com.pingan.JRManager,12,5,20,17,6,4,3,0,0,30,0,1,2,0,0
com.haji3,13,3,66,1,0,6,1,0,0,80,0,4,0,0,0
com.guawoo.guarket,13,8,80,2,2,8,2,1,0,97,1,6,1,0,0
org.apache.cordova.csvDVVA,13,4,61,16,2,6,1,0,0,1,0,4,0,0,0
com.webaccess.investment.planet,12,5,47,1,0,6,0,0,0,85,0,3,0,0,0
com.fivetalent.closingcostcalc,13,33,41,52,2,5,8,0,0,64,2,5,0,0,0
com.phonegap.chateaudeloire,13,5,74,1,0,7,1,0,0,87,0,4,0,0,0
com.fire1.infohelp,13,33,41,2,2,5,1,0,0,64,2,1,0,0,0
ru.gazeta.stavgorod,13,6,74,57,0,8,0,0,0,98,0,10,0,2,0
com.guidafuorisalone.app,13,8,75,1,2,8,1,1,0,94,1,11,1,0,0
com.powertools.carshocksensorandroid,13,6,74,1,3,8,2,0,0,98,0,10,0,0,0
com.mygazines.goingdigital,0,15,19,2,2,5,3,0,0,5,2,43,2,0,0
com.noe.mifa,13,8,75,7,2,8,3,1,0,2,1,10,1,0,0
com.iv.tvd,0,0,0,0,0,0,0,0,0,0,0,0,0,0,0
com.schulthess,13,6,74,1,1,7,4,0,0,98,0,2,0,0,0
com.popular.quotes,13,6,74,13,0,7,0,0,0,2,0,10,0,0,0
net.andg.abustamp,13,7,74,57,1,8,0,0,0,96,0,10,0,0,0
com.menz.weisheiten,13,16,75,4,2,8,1,1,0,94,1,3,1,0,0
com.momzclub.mommyhelpdesk,13,3,33,2,2,5,8,0,0,64,2,5,0,0,0
com.carel.exvselection,13,5,74,1,2,7,0,0,0,87,0,1,0,0,0
com.plate.report,13,7,74,1,1,7,1,0,0,87,0,4,0,0,0
com.audero.free.quiz.sscnapoli,13,6,74,1,1,7,0,0,0,87,0,4,0,0,0
it.rbsoft.dica,12,2,21,1,2,5,2,1,0,5,1,5,1,0,0
com.NewCreations.TShirtPhoto,13,9,75,1,2,8,1,1,0,94,1,11,1,0,0
com.wheremydogsat.WhereMyDogsAt,13,3,75,8,1,2,2,0,0,98,0,2,0,0,0
com.troopla.beta,13,5,41,4,7,5,8,0,0,64,2,5,0,0,0
com.miraclemill.yatzyonline,0,0,0,2,0,5,0,3,0,11,0,31,1,0,0
nl.brightin.nikonspots,13,8,75,2,2,8,3,1,0,94,1,11,1,0,0
au.com.otilas.CallaughanPartnersITR,13,5,78,45,1,7,4,0,0,90,0,4,0,0,0
com.teadroid.phonegap.android.decipher,13,6,74,1,0,7,0,0,0,87,0,4,0,0,0
com.tiichme.toddler,13,33,41,4,2,5,8,0,0,3,2,2,0,0,0
com.hexagon3d.mychinese,13,9,75,63,2,8,1,1,0,94,1,11,1,0,0
com.dsharpdiabetes.androidapp,13,33,41,1,2,5,8,0,0,63,2,5,0,0,0
com.phonegap.protestepostos,13,33,41,50,4,5,8,0,0,64,2,1,0,0,0
com.trinks.m,13,9,75,63,2,8,1,1,0,94,1,11,1,0,0
at.gofg.sportscomputer,13,6,74,1,1,8,1,0,0,98,0,10,0,0,0
com.casanovarentacar.casanovarentacar,13,9,75,63,2,8,1,1,0,94,1,11,1,0,0
com.caesarslabs.androidvenezuelareader,13,5,74,1,0,7,0,0,0,87,0,4,0,0,0
com.root.LaSerenas,13,8,80,53,2,8,2,1,0,97,1,6,1,0,0
com.cartwill,13,6,74,59,0,7,1,0,0,87,0,4,0,0,0
nl.wildsea.swingingroningen,13,9,80,1,2,8,2,1,0,1,1,6,1,0,0
com.machiapps.bvifree,3,6,74,1,0,7,0,0,0,95,0,1,0,0,0
com.adnarim.wavemap,13,25,41,2,2,5,8,0,0,56,2,3,0,0,0
com.funvoltage.Chitragupta,13,7,59,8,2,8,1,1,0,1,1,2,1,0,0
app.lukkin.com,12,7,20,2,6,5,9,1,0,12,1,3,1,0,0
com.root.altone,0,0,0,1,0,0,0,0,0,3,0,0,0,0,0
com.easybill.mobile,12,7,48,16,2,7,1,1,0,84,1,5,1,0,0
com.twofordeals,12,9,48,1,1,7,1,1,0,84,1,5,1,0,0
com.lordareon.mackapp,13,9,75,63,2,8,1,1,0,94,1,11,1,0,0
com.surgevelocityonline.gotanning,13,9,75,3,8,8,1,1,0,94,1,11,1,0,0
com.kickscout,13,8,75,58,2,8,1,1,0,94,1,11,1,0,0
com.fold1.eulumdat.SLA,13,6,74,1,2,7,1,0,0,95,0,1,0,0,0
com.berzerk.winterfestival,13,6,78,10,2,7,4,0,0,101,0,5,0,0,0
ch.creisi.cp_slidingpuzzle,13,9,75,63,2,8,1,1,0,94,1,11,1,0,0
com.ptsinnovations.syd,13,6,74,57,1,8,0,0,0,98,0,10,0,0,0
com.cobaltsign.readysetholiday,13,6,74,15,0,7,0,0,0,87,0,4,0,0,0
com.glancescounter.riccardofilippone,16,32,43,70,2,5,1,0,0,54,2,5,2,0,0
com.leo.basketballscoreboard,13,6,74,1,1,7,0,0,0,87,0,4,0,0,0
com.lwl.portal,13,6,74,57,2,8,11,0,0,98,0,10,2,0,0
com.cuttleworks.stages,12,1,20,2,1,4,3,0,0,34,0,5,0,0,0
info.polso.WhenShouldIWakeUp,13,5,74,47,0,7,0,0,0,87,0,4,0,0,0
com.splendidcrm.android9,13,6,72,3,0,1,0,0,0,98,0,3,1,0,0
info.zonglovani.mobile.app,0,0,0,1,0,0,0,0,0,0,0,0,0,0,0
com.visitanyplace.carretera,0,0,0,0,0,0,0,0,0,0,0,0,0,0,0
br.com.alcoolougasolina,13,9,75,3,1,8,1,1,0,94,1,11,1,0,0
ch.mitinnovation.apps.tierpark,13,6,74,1,0,7,7,0,0,8,0,2,0,0,0
ingenium.mygymmit,13,9,75,1,1,8,1,1,0,1,1,18,1,0,0
com.chrisallenlane.presentationtimerpro,13,6,74,1,3,7,0,0,0,95,0,1,0,0,0
com.patquoi.MotissimoDuo,13,3,66,36,0,6,0,0,0,80,0,4,0,0,0
uk.co.dialacab.app,13,7,119,82,6,22,2,1,0,117,1,8,1,0,0
com.phonegap.TTS,13,9,75,1,2,8,10,1,0,3,1,2,1,0,0
com.iopensoft.swappbee,13,8,74,1,4,8,3,0,0,8,3,4,0,0,0
com.unitedcheerleading.python,13,9,75,1,2,8,1,1,0,94,1,11,1,0,0
com.frontera.puntaarenas2,13,9,75,3,2,8,1,1,0,94,1,3,1,0,0
com.jagap.pwa,13,5,74,47,0,7,0,0,0,87,0,4,0,0,0
com.phonegap.discount,0,0,0,1,0,0,0,0,0,0,0,0,0,0,0
com.WATS.mentalhealth,13,6,75,10,2,7,1,0,0,87,0,4,0,0,0
com.giubileocreations.smashgridfree,13,9,75,3,2,8,1,1,0,3,1,11,1,0,0
com.Kuesty,13,30,41,52,2,5,8,0,0,64,2,5,0,0,0
it.visiant.farmacia.turno,13,6,74,2,1,7,2,0,0,95,0,6,0,0,0
com.judge.mobility.mv7_android,13,14,74,3,1,7,1,0,0,87,0,4,0,0,0
com.pac.appmovil,13,9,75,1,2,8,2,1,0,3,1,10,1,0,0
com.fivetalent.closingcostcalc.titleone,13,33,41,52,2,5,8,0,0,64,2,5,0,0,0
sharksfrenzy.mobile,13,33,41,2,2,5,1,0,0,2,2,1,0,0,0
com.NewBelgium.NBB,13,6,78,8,2,8,2,0,0,101,0,2,0,0,0
com.salman.sql,0,0,0,1,0,0,0,0,0,0,0,0,0,0,0
org.deepdev.smartpoker,13,6,78,4,1,7,4,0,0,90,0,4,0,0,0
com.it_information_technologies.itimecontroller,13,9,75,63,2,8,1,1,0,94,1,11,1,0,0
com.java.offline.ads,0,0,0,1,0,0,0,0,0,1,0,2,0,0,0
com.funforfones.android.dcmetro,13,6,74,1,2,7,3,0,0,2,0,6,1,0,0
com.phonegap.threelochsway,13,6,74,1,0,7,1,0,0,98,0,10,0,0,0
com.icode.labandeson,13,33,41,8,2,5,8,0,0,2,2,5,0,0,0
com.fala.tornado01,13,12,75,1,0,7,3,0,0,1,0,10,0,0,0
com.thewordsearch.free,12,19,19,1,2,5,8,0,0,61,2,1,0,0,0
com.yachtsandyachting.offliner,13,6,74,1,17,7,0,0,0,87,0,4,0,0,0
be.gents.visitbruges,13,9,74,57,1,7,2,0,0,98,0,15,0,0,0
com.beepkeeper,12,8,51,16,46,6,0,0,0,88,0,5,2,0,0
com.corevision.at,13,6,74,1,2,7,0,0,0,95,0,6,0,2,0
com.harpLabs.SharApp,13,22,61,8,3,2,3,0,0,4,1,2,0,0,0
com.rochala.flagquiz,13,6,74,16,8,7,0,0,0,1,0,10,0,0,0
com.king.activity,13,7,74,57,1,8,0,0,0,96,0,10,0,0,0
com.changemob.mobile,13,33,41,7,2,5,8,0,0,64,2,5,0,0,0
com.opuz.mobile,13,13,80,6,4,6,1,1,0,6,1,6,1,0,0
com.soffia.stafrofid,13,28,36,7,2,5,1,0,0,64,2,5,0,0,0
com.iv.thebeatles,0,0,0,0,0,0,0,0,0,0,0,0,0,0,0
com.openroad.openroadheart,13,8,75,8,2,8,1,0,0,96,0,2,0,0,0
com.cuinetes.events,13,8,75,3,2,8,1,1,0,94,1,11,1,0,0
com.anders.clrpickr,13,31,41,3,4,5,8,0,0,64,2,5,0,0,0
com.phonegap.mijnserie,13,9,78,1,43,7,4,0,0,90,0,2,0,0,0
com.musclebrainfree.phonegap,13,9,75,1,2,8,1,1,0,5,1,11,1,0,0
com.flyacts.robidogapp,13,8,74,57,0,8,2,0,0,98,0,10,2,0,0
com.lsl.crocosoftwares,13,3,70,1,2,8,2,0,0,1,2,2,0,0,0
com.agrisoft.geokuliner,13,3,74,4,2,7,2,0,0,5,0,2,0,0,0
com.cor.news.feedhammer,13,9,68,8,2,8,1,1,0,5,1,2,1,0,0
no.wfx.godtur,13,8,75,96,2,8,2,1,0,14,1,2,1,0,0
org.apache.cordova.worte,13,7,68,1,2,7,1,0,0,87,0,4,0,0,0
com.phonegap.whojew,13,5,74,2,0,7,0,0,0,87,0,4,0,0,0
pl.slaszu.myfuel,13,9,75,5,2,8,1,1,0,1,1,11,1,0,0
com.nighthawkapps.hwc,13,6,74,1,0,7,0,0,0,87,0,4,0,0,0
com.goodworldgames.charades,13,6,78,3,4,7,4,0,0,101,2,7,1,0,0
com.zotmedia.plober,13,9,75,1,2,8,1,1,0,2,1,11,1,0,0
com.rodrigocruz.rentastar,13,6,74,1,26,7,4,0,0,87,0,4,1,0,0
org.teamworks,13,5,74,1,2,7,0,0,0,87,0,4,0,0,0
com.spanning.auditlog,13,7,75,8,1,8,1,0,0,98,0,3,1,0,0
com.cobragolf.fitnfly,13,7,74,1,0,8,0,0,0,1,0,2,1,0,0
com.GJHDigital.nashvilledrive1,13,8,75,2,1,8,1,1,0,94,1,10,1,0,0
com.nhcunningham.thewildcat,13,6,74,1,0,7,0,0,0,87,0,4,0,0,0
org.nussl.NusExtraDiscountCompanionApp,36,0,61,53,2,12,13,0,0,95,0,6,2,0,0
com.mysticwarriors,13,9,75,8,2,8,1,1,0,13,1,3,1,0,0
com.ibm.msm.android,13,6,74,10,6,7,0,0,0,98,0,7,1,0,0
com.zipcodes.zipcodetools,13,17,40,8,1,8,2,1,0,46,1,11,1,0,0
org.cpf.app,13,8,75,12,2,8,1,1,0,94,1,11,1,0,0
com.bluestratus.britishquiz,13,11,78,1,5,37,1,0,0,87,2,4,2,0,0
com.cywheel.phoenixtarot_pro,13,6,74,1,2,7,0,0,0,87,0,4,0,0,0
org.andreafortuna.yattrssc,13,8,75,1,2,8,1,1,0,5,1,11,1,0,0
com.winenews,13,6,74,1,0,7,0,0,0,87,0,4,0,0,0
id.co.agrisoft.romadonapp,13,5,74,1,0,7,2,0,0,87,0,4,0,0,0
fi.panemerkille.app.android,13,6,74,1,0,7,1,0,0,3,0,4,0,0,0
com.memoplay.app,13,12,74,57,1,7,0,0,0,98,0,10,0,0,0
ru.orangeappsgames.reversi,13,33,41,50,2,5,8,0,0,64,2,5,0,0,0
fr.newquest.charlott,13,9,75,13,2,8,2,1,0,94,1,11,1,0,0
com.fpmweb.festamajor,13,7,75,7,2,7,2,1,0,95,1,8,1,0,0
com.phonegap.LibraryAnywhere,13,7,74,1,5,8,2,0,0,96,0,10,0,0,0
pl.phonegap.first,13,6,74,57,0,8,0,0,0,98,0,10,0,0,0
com.game4word4free,13,9,75,8,2,8,1,1,0,9,1,3,1,0,0
com.application.masterwhip,13,33,41,1,2,1,8,0,0,9,2,5,0,0,0
com.anders.sysbull,13,33,41,46,2,5,8,0,0,64,2,5,0,0,0
com.fight.trainer,13,6,74,57,0,7,0,0,0,98,0,10,0,0,0
com.padimastechsol.AF4U,13,8,75,21,2,8,1,1,0,3,1,11,1,2,0
com.giscloud.mdc,13,4,75,16,3,3,5,1,0,5,2,4,1,0,0
mx.elsiglo.torreon,13,9,75,58,2,8,1,1,0,94,1,11,1,2,0
com.tiichme.words,13,6,74,4,0,7,0,0,0,3,0,2,1,0,0
nl.elizawashere.app,13,10,80,4,3,3,1,1,0,97,1,6,1,1,0
whitegoblingames.rattus,13,6,74,1,0,7,0,0,0,87,0,4,0,0,0
com.studioquipo.dietwatch,13,5,78,45,0,7,4,0,0,90,0,4,0,0,0
com.cittaininternet.palazzodelleesposizioni,13,9,75,4,2,8,1,1,0,2,1,3,1,0,0
com.sanebiometrics.detpix,13,9,75,8,2,8,1,1,0,94,1,6,1,0,0
iPic.nu,13,31,41,8,2,5,8,0,0,2,2,1,0,0,0
tbg.app,13,6,78,52,0,7,4,0,0,90,0,4,0,2,0
com.szappatini.guidabenessere,13,6,74,1,0,8,0,0,0,98,0,10,2,0,0
com.frondiz.Bugify,12,0,20,14,2,4,3,0,0,32,0,3,2,0,0
com.bkam,13,9,68,8,1,8,1,1,0,94,1,3,2,0,0
au.com.mobilite,13,5,75,3,2,8,2,1,0,5,1,3,1,0,0
com.luigipicaro.ztlnapoli,12,5,47,16,12,6,2,0,0,77,0,3,0,0,0
com.sabre.tripcase.android,13,6,74,4,3,7,1,0,0,3,0,21,0,0,0
com.hartoingenio.nestle,16,32,43,2,2,5,3,0,0,5,2,0,2,0,0
com.ferras.reth,16,32,43,1,2,35,1,0,0,55,2,0,2,0,0
com.emlakjet.emlak.app,13,8,75,1,3,8,1,1,0,94,1,3,1,0,0
com.fala.launched2,13,12,75,1,0,7,3,0,0,1,0,10,0,0,0
hu.alchimedia.Hangman,13,6,74,57,5,7,0,0,0,98,0,10,1,0,0
com.tesi.mobinet,13,11,75,1,2,1,7,1,0,20,1,4,1,0,0
com.robertocaiazzo.wikipediadidyouknowInglese,13,7,74,1,0,8,0,0,0,96,0,10,1,0,0
com.cittaininternet.scuderiedelquirinale,13,6,74,16,0,7,1,0,0,2,0,10,0,0,0
info.lolfind.keys.office,13,9,75,63,2,8,1,1,0,94,1,11,1,0,0
com.hathix.android.chevre,13,8,75,1,2,8,1,1,0,3,1,3,1,0,0
it.jermann.Jermann,13,7,79,52,1,8,5,0,0,101,1,5,0,0,0
com.caesarslabs.hayuncamino,13,8,75,1,2,8,1,1,0,3,1,11,1,0,0
org.appreclama.reclama,13,6,74,1,8,7,0,0,0,98,0,10,0,0,0
com.sportkamasutra.lite,13,6,74,2,0,7,0,0,0,87,0,1,0,0,0
com.hypercalc.webhostingcalculator,13,6,74,1,0,7,0,0,0,3,0,4,0,0,0
com.gartic.buracoon,13,9,75,2,1,8,1,1,0,2,1,11,1,0,0
com.sysnetik.FIASched12,13,33,41,1,2,5,8,0,0,64,2,5,2,0,0
com.dotslot.trapaniup,13,8,75,1,2,8,1,1,0,1,1,3,1,0,0
net.Hurl.Client,13,6,74,13,1,7,2,0,0,2,0,5,1,0,0
com.szappatini.timber.musicviewer,13,2,74,1,1,2,0,0,0,2,0,10,0,0,0
com.spletart.tour,13,6,74,1,0,7,4,0,0,2,0,11,0,0,0
com.loyaltymatch.rewardingyourself,0,17,37,1,1,5,2,0,0,54,2,0,0,0,0
com.smartpostmobile,0,0,0,0,0,0,0,0,0,0,0,0,0,0,0
com.digital.standard,13,7,74,57,0,8,0,0,0,96,0,10,1,0,0
com.powertools.catcarefree,13,8,75,1,2,8,1,1,0,5,1,11,1,0,0
com.atanasovski.soccer.highlights,13,6,74,2,0,7,0,0,0,1,0,4,0,0,0
com.weinor.weinor_service_en,13,8,75,6,2,8,1,1,0,2,1,3,1,0,0
sportstables.com,13,8,75,1,2,8,1,1,0,94,1,11,1,0,0
com.ugliapps.iheartfruits,12,3,45,3,0,6,0,0,0,74,0,1,0,0,0
sunnyappz.thesecretquotes,13,6,74,8,0,8,0,0,0,98,0,5,0,0,0
com.trackeat.mobile,13,6,74,8,0,7,0,0,0,1,0,2,0,0,0
